code_pathologie;Unnamed: 1;Unnamed: 2;Unnamed: 3;Unnamed: 4;Unnamed: 5;Unnamed: 6;Unnamed: 7;Unnamed: 8;Unnamed: 9;Unnamed: 10;Unnamed: 11;Unnamed: 12;Unnamed: 13;Unnamed: 14;Unnamed: 15;Unnamed: 16;annee
Pathologie, traitement ou événement de santé;Effectif;Total des dépenses;Total soins de ville;Soins de médecins ;Soins infirmiers;Soins de kinésithérapie;Autres professionnels de santé;Médicaments;Autres produits de santé;Biologie;Transports;Autres dépenses de soins de ville;Total hospitalisations;dont hospitalisations MCO;Total prestations en espèces;dont indemnités journalières maladie et AT/MP;2015
Syndrome coronaire aigu;99400;961446000;112534000;26684000;3778000;1555000;1714000;44820000;3889000;3893000;25885000;315000;796401000;688667000;52511000;41631000;2015
Maladie coronaire chronique;1844700;3214608000;1830067000;361078000;195397000;53329000;42111000;898988000;135455000;74752000;57754000;11202000;935114000;735316000;449427000;82498000;2015
Accident vasculaire cérébral aigu;116600;1423032000;131456000;14018000;23451000;12739000;8539000;17990000;11503000;2592000;40312000;312000;1254813000;800248000;36763000;30309000;2015
Séquelle d'accident vasculaire cérébral;731600;2069158000;1237343000;95925000;344078000;173186000;64776000;214366000;131935000;24625000;185122000;3330000;517828000;167670000;313986000;50230000;2015
Insuffisance cardiaque aiguë;182600;1251064000;336195000;21796000;151616000;11239000;424000;43743000;55801000;12502000;38831000;242000;904850000;782998000;10020000;2637000;2015
Insuffisance cardiaque chronique;621600;1261172000;1071307000;83894000;446742000;53823000;5163000;246596000;145432000;46257000;41366000;2034000;113723000;33514000;76142000;8440000;2015
Artériopathie périphérique;705200;2063073000;857754000;134303000;194386000;30485000;11170000;287961000;113794000;26353000;55868000;3435000;1011480000;842641000;193840000;39947000;2015
Troubles du rythme ou de la conduction cardiaque;1673900;2620781000;923320000;198018000;155802000;43919000;24112000;282820000;88849000;70154000;54161000;5485000;1570009000;1428164000;127451000;38628000;2015
Maladie valvulaire;420300;1108261000;199981000;53173000;27340000;9977000;5595000;42012000;15855000;27602000;17339000;1089000;859254000;750812000;49026000;13617000;2015
Embolie pulmonaire;39800;216970000;38711000;7853000;4275000;902000;441000;13686000;4749000;2999000;3730000;77000;166409000;147529000;11849000;9809000;2015
Autres affections cardiovasculaires;343900;456701000;243376000;36798000;34008000;7710000;7899000;86528000;37376000;8637000;23888000;532000;162684000;116904000;50642000;14089000;2015
Traitements antihypertenseurs (hors pathologies);7312200;4339559000;3273104000;830541000;286699000;164347000;196121000;1301992000;288849000;130737000;27151000;46666000;154743000;19548000;911712000;314135000;2015
Traitements hypolipémiants (hors pathologies);3711100;1806591000;1329839000;354416000;26780000;60069000;97888000;611784000;85820000;60614000;6973000;25496000;54931000;1721000;421821000;103912000;2015
Diabète;3591900;7823925000;6350066000;607044000;1404381000;110506000;97842000;2487010000;1302727000;225887000;92683000;21985000;713592000;449627000;760267000;166315000;2015
Cancer du sein de la femme actif;216700;2354222000;795312000;233903000;29473000;26299000;5345000;271746000;22575000;24013000;180200000;1758000;1376042000;1227358000;182868000;149153000;2015
Cancer du sein de la femme sous surveillance;468700;478893000;306583000;85267000;14882000;35996000;14278000;101823000;16095000;17532000;16120000;4590000;51096000;14609000;121214000;15671000;2015
Cancer colorectal actif;140000;1429349000;296185000;53871000;49065000;2551000;1934000;68415000;50827000;16855000;52289000;378000;1083809000;943566000;49354000;31439000;2015
Cancer colorectal sous surveillance;198900;193150000;121914000;25198000;20262000;4563000;4133000;19043000;34991000;7445000;5372000;907000;33858000;14248000;37378000;3610000;2015
Cancer bronchopulmonaire actif;85800;1400864000;441323000;61919000;24073000;3652000;880000;252195000;20945000;8847000;68528000;285000;884084000;740314000;75457000;41049000;2015
Cancer bronchopulmonaire sous surveillance;43900;90294000;29082000;6858000;2393000;1741000;854000;7652000;4544000;1198000;3651000;191000;10663000;1673000;50549000;2348000;2015
Cancer de la prostate actif;211500;1254559000;766910000;186160000;27917000;8973000;4026000;417506000;18904000;18691000;83811000;922000;446876000;373215000;40773000;15916000;2015
Cancer de la prostate sous surveillance;294700;188323000;125809000;29165000;8636000;5032000;6633000;44308000;15086000;9170000;5803000;1976000;20254000;2564000;42260000;1649000;2015
Autres cancers actifs;818700;7696572000;2469487000;224927000;134724000;26066000;17723000;1548714000;156637000;78551000;279718000;2428000;4934101000;4236483000;292983000;164578000;2015
Autres cancers sous surveillance;874200;790500000;469919000;101836000;43230000;26705000;23349000;113860000;89133000;31488000;36529000;3789000;124252000;30364000;196329000;32400000;2015
Troubles psychotiques;447800;4357971000;733730000;62417000;172663000;10780000;13223000;364508000;16082000;8425000;85173000;460000;3344416000;22120000;279824000;31695000;2015
Troubles névrotiques et de l'humeur;1268100;5297164000;1218064000;281363000;156512000;71658000;41324000;431093000;64796000;31920000;131817000;7579000;2607877000;171772000;1471223000;566202000;2015
Déficience mentale;140600;567405000;170104000;13754000;28949000;12236000;13650000;30934000;35393000;1689000;33414000;84000;390045000;2195000;7256000;1502000;2015
Troubles addictifs;409400;1381349000;173440000;30858000;22333000;4976000;8478000;63237000;13342000;4232000;25811000;173000;995231000;210363000;212678000;106674000;2015
Troubles psychiatriques débutant dans l'enfance;160600;1208669000;209005000;12842000;1688000;2210000;44931000;17799000;6130000;899000;122468000;38000;998203000;22252000;1462000;769000;2015
Autres troubles psychiatriques;469600;1745976000;380590000;73188000;49160000;15399000;16760000;125864000;24171000;9005000;65684000;1359000;1101857000;119533000;263529000;67891000;2015
Traitements antidépresseurs ou thymorégulateurs (hors pathologies);2918200;2539667000;1180323000;410064000;40891000;105156000;78556000;393176000;80019000;47200000;14108000;11153000;171309000;0;1188035000;741505000;2015
Traitements neuroleptiques (hors pathologies);328400;287636000;182136000;26791000;33520000;6525000;6897000;84385000;8772000;3029000;11790000;427000;20706000;0;84794000;13283000;2015
Traitements anxiolytiques (hors pathologies);3267400;2414860000;1362240000;422900000;91712000;112397000;75681000;454433000;105758000;61970000;26197000;11192000;106366000;0;946255000;553255000;2015
Traitements hypnotiques (hors pathologies);1659500;1205944000;728596000;211831000;62783000;64268000;36267000;235171000;66462000;29524000;13983000;8307000;46653000;0;430695000;186438000;2015
Démences (dont maladie d'Alzheimer);738900;2326766000;1593773000;55746000;911441000;194981000;57381000;98909000;164003000;10662000;99693000;956000;698237000;174363000;34756000;757000;2015
Maladie de Parkinson;258800;931287000;719708000;35146000;179323000;128845000;20086000;212133000;87909000;5237000;48439000;2591000;160216000;58383000;51362000;6245000;2015
Sclérose en plaques;103000;1198750000;792448000;21557000;39752000;46543000;6656000;567099000;57588000;5897000;46659000;696000;221565000;134345000;184737000;21142000;2015
Lésion médullaire;88700;668736000;348399000;11207000;68093000;40456000;2682000;17176000;160924000;2143000;45232000;487000;144853000;35755000;175484000;25009000;2015
Myopathie ou myasthénie;45400;240377000;122133000;5221000;11909000;19786000;2089000;29708000;34309000;1239000;17659000;214000;80189000;52568000;38056000;4204000;2015
Épilepsie;459500;704875000;361171000;38098000;26637000;15266000;20825000;183852000;28913000;6385000;40797000;396000;234729000;175736000;108975000;26464000;2015
Autres affections neurologiques;153700;730249000;438227000;15091000;56568000;73140000;12760000;49146000;152998000;2473000;75325000;726000;208769000;98067000;83253000;11446000;2015
Maladies respiratoires chroniques (hors mucoviscidose);3502200;3567326000;2067584000;448692000;34149000;81608000;105884000;1067801000;234529000;49816000;35361000;9745000;1129763000;783735000;369979000;154335000;2015
Maladies inflammatoires chroniques intestinales;241900;797493000;378136000;32309000;5030000;3786000;7630000;290029000;15480000;14455000;8745000;672000;354583000;334784000;64774000;27198000;2015
Polyarthrite rhumatoïde ou maladies apparentées;265200;885636000;582212000;46900000;31235000;21501000;7637000;404204000;18086000;24102000;24742000;3805000;186272000;158025000;117152000;27716000;2015
Spondylarthrite ankylosante ou maladies apparentées;186300;784555000;489743000;31842000;4638000;23640000;5813000;394355000;6731000;10204000;9666000;2852000;154406000;128075000;140407000;46205000;2015
Autres maladies inflammatoires chroniques;191400;388227000;177969000;27734000;11106000;11391000;5501000;77686000;12062000;16132000;14727000;1628000;152096000;119449000;58162000;15023000;2015
Maladies métaboliques héréditaires ou amylose;108200;429575000;245549000;11363000;4767000;3824000;4318000;189784000;15977000;5071000;10008000;436000;167456000;154083000;16570000;5656000;2015
Mucoviscidose;8300;169831000;136679000;647000;6581000;15175000;255000;91913000;16343000;251000;5503000;11000;31502000;25540000;1650000;349000;2015
Hémophilie ou troubles de l'hémostase graves;46700;555394000;467379000;4815000;5910000;1144000;1304000;443587000;4277000;3284000;2864000;194000;79316000;72451000;8699000;4419000;2015
infection par le VIH;139600;1504384000;1335298000;10389000;2126000;1672000;3985000;1293530000;5994000;14270000;3203000;128000;121997000;67388000;47088000;10268000;2015
Dialyse chronique;48400;3075330000;838942000;10648000;55988000;3392000;349000;102702000;16893000;17418000;631518000;34000;2215162000;2188213000;21225000;3846000;2015
Transplantation rénale;3300;224476000;57434000;486000;1172000;45000;56000;31034000;1168000;1893000;21573000;8000;161070000;154951000;5972000;3041000;2015
Suivi de transplantation rénale;34500;449778000;238009000;5323000;3162000;791000;740000;183910000;4770000;8972000;30252000;89000;172595000;152888000;39174000;3009000;2015
Maladies du foie ou du pancréas (hors mucoviscidose);562500;2058779000;1339906000;54395000;13935000;8840000;12732000;1169805000;21113000;36166000;21814000;1107000;547229000;459785000;171645000;55813000;2015
Affections de longue durée (dont 31 et 32) pour d'autres causes;1635300;2999918000;2414424000;187706000;294111000;175284000;71276000;980477000;394037000;49117000;249731000;12683000;238925000;123997000;346569000;83390000;2015
Hospitalisation pour Covid-19;0;0;0;0;0;0;0;0;0;0;0;0;0;;0;0;2015
Maternité (avec ou sans pathologies);1338100;8392491000;1146806000;318937000;21020000;30648000;296473000;119672000;98447000;251610000;9001000;998000;3741684000;3424341000;3504002000;504139000;2015
Hospitalisations hors pathologies repérées (avec ou sans pathologies, traitements ou maternité);9438300;35413090000;5011936000;1567482000;436508000;374055000;274540000;1031483000;504665000;299503000;500854000;22845000;27079798000;21989440000;3321356000;2914960000;2015
Traitements antalgiques ou anti-inflammatoires (hors pathologies, traitements, maternité ou hospitalisations);1276900;1339399000;724081000;311866000;11624000;56684000;72951000;193749000;38052000;27410000;5687000;6058000;80454000;10652000;534864000;390215000;2015
Pas de pathologie, traitement, maternité, hospitalisation ou traitement antalgique ou anti-inflammatoire;34890200;10200428000;6443984000;2414636000;62177000;320049000;1711796000;1114766000;365820000;343565000;65012000;46161000;873966000;123831000;2882478000;1674910000;2015
Consommation courante de soins;;5176602000;4766689000;2115874000;56130000;573866000;714665000;440476000;273971000;585051000;;6656000;;;409914000;409914000;2015
Total;64277360;1,52713E+11;63334422000;13164765000;6668690000;3507383000;4399099000;22405145000;6007756000;2921619000;3957593000;302372000;67200361000;46298828000;22178675000;10072899000;2015
Pathologie, traitement ou événement de santé;Effectif;Total des dépenses;Total soins de ville;Soins de médecins ;Soins infirmiers;Soins de kinésithérapie;Autres professionnels de santé;Médicaments;Autres produits de santé;Biologie;Transports;Autres dépenses de soins de ville;Total hospitalisations;dont hospitalisations MCO;Total prestations en espèces;dont indemnités journalières maladie et AT/MP;2016
Syndrome coronaire aigu;95400;946667000;108065000;25712000;3670000;1380000;1697000;43279000;4731000;3613000;23744000;239000;785438000;678676000;53164000;43361000;2016
Maladie coronaire chronique;1881200;3313545000;1829720000;372484000;200358000;55663000;42993000;863802000;147610000;76382000;59479000;10949000;1024198000;812604000;459627000;87108000;2016
Accident vasculaire cérébral aigu;120000;1476830000;133557000;14755000;22055000;12932000;8663000;17883000;11280000;2636000;43073000;279000;1304617000;841877000;38655000;31294000;2016
Séquelle d'accident vasculaire cérébral;759800;2124431000;1267980000;101781000;354153000;174996000;66440000;213223000;136688000;25285000;191975000;3440000;535269000;175133000;321182000;54519000;2016
Insuffisance cardiaque aiguë;185000;1241285000;313215000;22439000;136545000;11375000;494000;45899000;46894000;12085000;37402000;81000;916869000;795528000;11201000;3731000;2016
Insuffisance cardiaque chronique;636800;1321434000;1129914000;84996000;476405000;56128000;5313000;252497000;157970000;46555000;48149000;1903000;115876000;33933000;75645000;8094000;2016
Artériopathie périphérique;715300;2090780000;867095000;137138000;203388000;31770000;11190000;272992000;121396000;26522000;59436000;3264000;1029066000;853422000;194619000;40171000;2016
Troubles du rythme ou de la conduction cardiaque;1737700;2775810000;1039083000;211210000;184642000;48614000;24704000;329903000;104192000;69841000;60199000;5779000;1600095000;1457957000;136631000;42321000;2016
Maladie valvulaire;437100;1172555000;221248000;57170000;34017000;10118000;6045000;45208000;18470000;28286000;20838000;1096000;900106000;792514000;51200000;13938000;2016
Embolie pulmonaire;42200;229277000;40829000;8638000;3394000;993000;453000;15574000;5139000;2734000;3815000;89000;176698000;156894000;11750000;10283000;2016
Autres affections cardiovasculaires;355200;479619000;264424000;39840000;37728000;8605000;8283000;95136000;39832000;9135000;25310000;555000;161493000;113812000;53702000;15143000;2016
Traitements antihypertenseurs (hors pathologies);7327600;4366718000;3256116000;849849000;286795000;174743000;196704000;1231136000;309851000;132165000;29097000;45778000;165269000;19387000;945334000;333315000;2016
Traitements hypolipémiants (hors pathologies);3483400;1702764000;1238751000;337717000;26986000;59389000;89185000;550065000;88215000;57173000;7533000;22488000;55180000;1706000;408832000;103101000;2016
Diabète;3666000;7929726000;6416662000;632297000;1440014000;119228000;101808000;2409520000;1360742000;232058000;100037000;20958000;735619000;462447000;777445000;174743000;2016
Cancer du sein de la femme actif;221100;2463128000;855343000;245843000;30951000;29120000;5461000;304200000;24841000;25172000;187971000;1784000;1413255000;1253627000;194530000;158436000;2016
Cancer du sein de la femme sous surveillance;458500;485180000;307104000;86197000;14781000;38566000;14082000;96483000;18189000;17708000;16438000;4660000;53453000;15788000;124623000;16990000;2016
Cancer colorectal actif;153000;1520325000;322379000;59495000;50207000;3034000;2207000;78254000;56750000;18018000;54041000;374000;1145701000;999594000;52245000;33997000;2016
Cancer colorectal sous surveillance;195400;197204000;126449000;25394000;22798000;5064000;3933000;19031000;35922000;7503000;5937000;868000;32889000;14004000;37867000;3938000;2016
Cancer bronchopulmonaire actif;89400;1504103000;510017000;67432000;24056000;4002000;911000;304987000;21288000;11290000;75817000;234000;909298000;755853000;84789000;46112000;2016
Cancer bronchopulmonaire sous surveillance;44700;93780000;32443000;7397000;2773000;1955000;798000;8516000;5278000;1262000;4243000;222000;11181000;1703000;50156000;2193000;2016
Cancer de la prostate actif;218600;1361587000;834605000;215710000;29113000;9801000;4247000;442270000;20288000;19737000;92508000;930000;483799000;405445000;43183000;17516000;2016
Cancer de la prostate sous surveillance;282800;185767000;125646000;29259000;8198000;5322000;6359000;43153000;16391000;9150000;5921000;1893000;20581000;2355000;39540000;1584000;2016
Autres cancers actifs;849200;8075710000;2712410000;238906000;143080000;27789000;18351000;1735782000;166182000;83905000;295856000;2559000;5054823000;4318708000;308478000;169465000;2016
Autres cancers sous surveillance;875200;818844000;492621000;105945000;45487000;28118000;23275000;121756000;93766000;32626000;37818000;3829000;128912000;32040000;197312000;34327000;2016
Troubles psychotiques;449800;4477570000;737331000;62765000;188893000;11388000;12859000;347295000;17698000;8950000;87043000;440000;3463506000;25451000;276733000;31473000;2016
Troubles névrotiques et de l'humeur;1309200;5539061000;1241878000;295724000;170788000;77772000;43240000;399322000;72017000;33981000;141455000;7578000;2712982000;178129000;1584201000;616577000;2016
Déficience mentale;139100;575605000;173775000;13873000;30491000;12526000;13945000;29929000;37484000;1725000;33714000;88000;394896000;2555000;6934000;1576000;2016
Troubles addictifs;425600;1424089000;183393000;33084000;24089000;5592000;8844000;64510000;15390000;4631000;27084000;170000;1011151000;211057000;229545000;117927000;2016
Troubles psychiatriques débutant dans l'enfance;168200;1248751000;221913000;13887000;1988000;2389000;48982000;18637000;6695000;990000;128306000;39000;1025165000;22338000;1673000;760000;2016
Autres troubles psychiatriques;461300;1729049000;380218000;72418000;54297000;15840000;16799000;116758000;25696000;9378000;67733000;1298000;1098759000;123833000;250072000;65015000;2016
Traitements antidépresseurs ou thymorégulateurs (hors pathologies);2925000;2583608000;1165052000;415505000;43696000;110588000;77569000;357324000;85526000;48285000;15284000;11275000;181746000;0;1236811000;778694000;2016
Traitements neuroleptiques (hors pathologies);326500;285646000;176428000;26458000;33623000;6465000;6945000;76620000;9460000;3164000;13276000;416000;21647000;0;87571000;13880000;2016
Traitements anxiolytiques (hors pathologies);3219700;2441115000;1353246000;424230000;93060000;116399000;74107000;437584000;108545000;62003000;27224000;10093000;111394000;0;976475000;584849000;2016
Traitements hypnotiques (hors pathologies);1616600;1197408000;717159000;210072000;62633000;65050000;35459000;225613000;67032000;29361000;14237000;7702000;48033000;0;432216000;193678000;2016
Démences (dont maladie d'Alzheimer);750900;2390764000;1656918000;56517000;955544000;199624000;61834000;90688000;173554000;10892000;107389000;877000;700410000;179992000;33436000;871000;2016
Maladie de Parkinson;261700;976820000;756691000;36069000;199222000;134423000;21807000;205844000;97017000;5406000;54240000;2664000;165918000;60397000;54211000;6565000;2016
Sclérose en plaques;105000;1237432000;818610000;23131000;38656000;47249000;6802000;586602000;60865000;5948000;48634000;724000;230045000;139956000;188777000;21457000;2016
Lésion médullaire;90900;676599000;359000000;11931000;69610000;40912000;2616000;17491000;168018000;2198000;45655000;568000;137782000;34094000;179817000;26992000;2016
Myopathie ou myasthénie;45800;251979000;132565000;5450000;11634000;20220000;2143000;38489000;35368000;1291000;17767000;206000;80013000;52922000;39401000;4803000;2016
Épilepsie;470300;730791000;376474000;40175000;27320000;16145000;22156000;189004000;33821000;6659000;40799000;394000;240496000;180876000;113821000;28395000;2016
Autres affections neurologiques;156200;768633000;462856000;15897000;60011000;75695000;13091000;54861000;161507000;2640000;78325000;829000;220377000;105757000;85400000;11662000;2016
Maladies respiratoires chroniques (hors mucoviscidose);3587700;3635905000;2099763000;466275000;35878000;83229000;109178000;1066884000;239648000;52235000;36994000;9441000;1150812000;790723000;385330000;164330000;2016
Maladies inflammatoires chroniques intestinales;246200;851491000;414904000;34095000;5454000;4106000;7802000;321481000;16243000;15253000;9752000;718000;366486000;346344000;70102000;30200000;2016
Polyarthrite rhumatoïde ou maladies apparentées;273700;901108000;602149000;49620000;33504000;23042000;7883000;414814000;18913000;24698000;25587000;4089000;176272000;146633000;122686000;30155000;2016
Spondylarthrite ankylosante ou maladies apparentées;195000;828364000;518511000;34585000;5024000;25981000;5922000;415229000;7380000;10860000;10449000;3081000;159608000;129356000;150246000;49061000;2016
Autres maladies inflammatoires chroniques;197700;414608000;191872000;29475000;11386000;12564000;5750000;84392000;12902000;17127000;16491000;1786000;161523000;125992000;61213000;15727000;2016
Maladies métaboliques héréditaires ou amylose;111100;468798000;268782000;12021000;5258000;3978000;4574000;209366000;17760000;5243000;10087000;495000;183201000;169051000;16816000;5583000;2016
Mucoviscidose;8300;251460000;217449000;682000;6336000;14983000;285000;172989000;16088000;266000;5806000;12000;32117000;26274000;1894000;427000;2016
Hémophilie ou troubles de l'hémostase graves;48100;557642000;475897000;5090000;5992000;1184000;1309000;451645000;4284000;3382000;2812000;198000;72500000;64980000;9245000;4626000;2016
infection par le VIH;143800;1505198000;1338840000;11250000;2089000;1777000;4063000;1295571000;6182000;14907000;2872000;129000;118515000;65110000;47843000;10899000;2016
Dialyse chronique;49900;3159968000;866537000;11089000;58773000;3857000;318000;99673000;18297000;17855000;656541000;135000;2271580000;2243657000;21851000;4139000;2016
Transplantation rénale;3300;224609000;56251000;525000;943000;43000;51000;30267000;1185000;1889000;21340000;8000;161382000;155386000;6976000;3749000;2016
Suivi de transplantation rénale;35900;468574000;244179000;5624000;3692000;840000;796000;187981000;5167000;9318000;30674000;89000;183690000;163348000;40705000;3101000;2016
Maladies du foie ou du pancréas (hors mucoviscidose);570300;1965288000;1255074000;56905000;14953000;9323000;12609000;1078327000;23568000;36646000;21670000;1073000;542825000;457615000;167389000;55857000;2016
Affections de longue durée (dont 31 et 32) pour d'autres causes;1643400;3147614000;2551321000;197614000;309085000;181395000;73143000;1045392000;419293000;51386000;262562000;11451000;248522000;127098000;347772000;84664000;2016
Hospitalisation pour Covid-19;0;0;0;0;0;0;0;0;0;0;0;0;0;;0;0;2016
Maternité (avec ou sans pathologies);1318900;8324242000;1160618000;312195000;21461000;29130000;314156000;119614000;107815000;246979000;8215000;1053000;3698572000;3375918000;3465052000;514416000;2016
Hospitalisations hors pathologies repérées (avec ou sans pathologies, traitements ou maternité);9665000;36233652000;5224651000;1642151000;457042000;389661000;284634000;1052318000;548713000;309137000;517426000;23570000;27514739000;22414147000;3494262000;3057899000;2016
Traitements antalgiques ou anti-inflammatoires (hors pathologies, traitements, maternité ou hospitalisations);1318300;1403047000;753633000;325350000;12993000;60076000;76263000;196144000;41303000;29089000;6350000;6066000;86686000;11059000;562728000;412320000;2016
Pas de pathologie, traitement, maternité, hospitalisation ou traitement antalgique ou anti-inflammatoire;35164800;10571069000;6620682000;2496821000;64381000;341621000;1728902000;1125807000;389859000;357990000;69220000;46080000;915312000;127087000;3035076000;1793862000;2016
Consommation courante de soins;;5385650000;4959878000;2190225000;58750000;593443000;771802000;449769000;291992000;597365000;;6532000;;;425772000;425772000;2016
Total;64780397;1,5671E+11;65180174000;13616381000;6960142000;3657216000;4522233000;22614783000;6374187000;2989966000;4149647000;295620000;68648346000;47252145000;22881759000;10617638000;2016
Pathologie, traitement ou événement de santé;Effectif;Total des dépenses;Total soins de ville;Soins de médecins ;Soins infirmiers;Soins de kinésithérapie;Autres professionnels de santé;Médicaments;Autres produits de santé;Biologie;Transports;Autres dépenses de soins de ville;Total hospitalisations;dont hospitalisations MCO;Total prestations en espèces;dont indemnités journalières maladie et AT/MP;2017
Syndrome coronaire aigu;97700;966831000;111586000;27049000;3423000;1449000;1721000;44031000;6027000;3753000;23846000;286000;800147000;691358000;55098000;44483000;2017
Maladie coronaire chronique;1922800;3386162000;1845557000;391580000;201470000;58171000;44999000;848612000;148831000;77213000;63428000;11253000;1063282000;844310000;477323000;92384000;2017
Accident vasculaire cérébral aigu;120700;1513403000;138557000;15703000;23459000;12959000;8806000;17475000;11697000;2594000;45598000;266000;1333331000;857250000;41515000;33181000;2017
Séquelle d'accident vasculaire cérébral;793900;2211779000;1321858000;110655000;370248000;178064000;69293000;218485000;142299000;26037000;203203000;3576000;548047000;179839000;341873000;57086000;2017
Insuffisance cardiaque aiguë;189300;1287336000;340228000;22120000;149681000;12548000;512000;47855000;58270000;12839000;36259000;145000;933863000;810054000;13245000;3913000;2017
Insuffisance cardiaque chronique;652100;1359616000;1161735000;87411000;487104000;57774000;5737000;267168000;158072000;45396000;51373000;1700000;119854000;36035000;78027000;8129000;2017
Artériopathie périphérique;723000;2117188000;871227000;140902000;208455000;33439000;11509000;259917000;124367000;26305000;63065000;3268000;1050615000;869099000;195347000;40846000;2017
Troubles du rythme ou de la conduction cardiaque;1809100;2944844000;1164228000;229089000;208057000;53183000;26887000;395679000;111267000;69850000;64244000;5972000;1633442000;1482888000;147175000;44906000;2017
Maladie valvulaire;447800;1234860000;234962000;59579000;37040000;11540000;6488000;47714000;21367000;27631000;22305000;1298000;945916000;837393000;53982000;15459000;2017
Embolie pulmonaire;42700;229367000;41657000;8884000;3821000;1057000;510000;16428000;4596000;2380000;3898000;82000;175820000;156166000;11890000;10608000;2017
Autres affections cardiovasculaires;371800;503473000;279428000;42458000;36866000;9071000;8837000;104850000;40279000;9399000;27060000;609000;165451000;116299000;58594000;16547000;2017
Traitements antihypertenseurs (hors pathologies);7282500;4373989000;3226713000;870503000;294435000;183528000;200931000;1152404000;315018000;133299000;30432000;46163000;170032000;18453000;977244000;355004000;2017
Traitements hypolipémiants (hors pathologies);3291200;1622262000;1170809000;328456000;26986000;59565000;84833000;502502000;85231000;54215000;7558000;21464000;54449000;1598000;397004000;98132000;2017
Diabète;3752300;8174315000;6620934000;670631000;1502000000;128438000;108717000;2393129000;1451777000;236169000;108830000;21243000;740184000;463832000;813197000;186732000;2017
Cancer du sein de la femme actif;226500;2596177000;977254000;261409000;32479000;30883000;5621000;395915000;25793000;27028000;196213000;1915000;1420513000;1256082000;198410000;160668000;2017
Cancer du sein de la femme sous surveillance;469300;504908000;318830000;90755000;16485000;40610000;14415000;96074000;19703000;18374000;17518000;4896000;53461000;15262000;132617000;18453000;2017
Cancer colorectal actif;161600;1515796000;323857000;64225000;50556000;3096000;2600000;74743000;58717000;17929000;51516000;475000;1135257000;985721000;56682000;36242000;2017
Cancer colorectal sous surveillance;197300;204356000;131094000;26272000;24648000;5564000;4164000;19668000;36331000;7414000;6140000;894000;33794000;13942000;39468000;4277000;2017
Cancer bronchopulmonaire actif;93700;1801789000;562385000;78783000;25505000;4249000;1044000;336026000;22455000;12375000;81701000;247000;1152383000;989676000;87021000;44288000;2017
Cancer bronchopulmonaire sous surveillance;46900;96617000;34204000;8253000;3232000;2118000;950000;8862000;4981000;1378000;4200000;229000;11918000;1656000;50495000;2375000;2017
Cancer de la prostate actif;224400;1443443000;900849000;238902000;29185000;9944000;4491000;477939000;20781000;20506000;98140000;961000;498898000;414412000;43696000;17599000;2017
Cancer de la prostate sous surveillance;288200;193419000;131803000;31108000;9421000;5687000;6633000;42908000;17369000;9571000;7095000;2011000;21669000;2607000;39947000;1610000;2017
Autres cancers actifs;885700;8585396000;2843226000;257382000;148099000;29721000;19418000;1821374000;170328000;88668000;305437000;2800000;5423743000;4654307000;318427000;173166000;2017
Autres cancers sous surveillance;898900;856076000;517843000;112584000;49659000;29951000;24178000;123695000;98746000;34835000;40169000;4025000;130442000;30494000;207791000;36830000;2017
Troubles psychotiques;458900;4565530000;765609000;65521000;209746000;12105000;13210000;347119000;18871000;9296000;89353000;388000;3521027000;27022000;278895000;31478000;2017
Troubles névrotiques et de l'humeur;1348000;5748001000;1288477000;314704000;189448000;80748000;44925000;387567000;75867000;35640000;151822000;7757000;2806642000;182110000;1652881000;606626000;2017
Déficience mentale;139600;575495000;173929000;14229000;31978000;12600000;13894000;28508000;37973000;1789000;32880000;78000;394443000;2072000;7123000;1512000;2017
Troubles addictifs;478400;1482949000;205290000;42436000;24707000;7164000;11067000;69534000;17192000;5726000;27182000;281000;1018449000;218977000;259210000;138569000;2017
Troubles psychiatriques débutant dans l'enfance;177700;1287113000;234707000;15324000;2373000;2686000;52154000;20117000;7505000;1073000;133441000;35000;1050410000;22598000;1996000;937000;2017
Autres troubles psychiatriques;455300;1702994000;374160000;71630000;56321000;15777000;16660000;108034000;26624000;9711000;68263000;1141000;1090443000;126371000;238390000;61865000;2017
Traitements antidépresseurs ou thymorégulateurs (hors pathologies);2922600;2674425000;1172768000;426489000;45587000;115267000;78109000;342454000;87078000;49631000;16812000;11341000;189477000;0;1312179000;832731000;2017
Traitements neuroleptiques (hors pathologies);320400;279878000;172994000;26307000;33063000;6354000;6869000;74240000;8903000;3142000;13746000;371000;21776000;0;85108000;13382000;2017
Traitements anxiolytiques (hors pathologies);3170900;2497860000;1354640000;431949000;94917000;120049000;73819000;423466000;109619000;62361000;28738000;9720000;115016000;0;1028204000;630944000;2017
Traitements hypnotiques (hors pathologies);1443400;1091023000;653730000;192526000;59630000;59384000;31343000;201280000;62343000;26240000;14435000;6548000;43815000;0;393479000;167972000;2017
Démences (dont maladie d'Alzheimer);764200;2443940000;1720660000;58720000;1010173000;198060000;66385000;87817000;179506000;10957000;108315000;727000;688780000;177117000;34499000;880000;2017
Maladie de Parkinson;265000;1015176000;783163000;38148000;212378000;138471000;23797000;191674000;110187000;5703000;60095000;2709000;174542000;59300000;57471000;7039000;2017
Sclérose en plaques;108000;1324244000;892304000;24515000;38726000;47866000;7092000;653903000;63092000;6047000;50311000;753000;237946000;143754000;193994000;21614000;2017
Lésion médullaire;92000;690940000;366130000;12449000;71014000;41145000;2789000;17086000;172561000;2219000;46332000;535000;142510000;35641000;182300000;27727000;2017
Myopathie ou myasthénie;47000;262263000;141301000;5721000;13000000;20431000;2146000;43492000;36571000;1361000;18378000;200000;80775000;53382000;40187000;3946000;2017
Épilepsie;483100;733694000;381450000;43037000;29206000;16592000;23438000;181840000;35861000;7060000;43995000;421000;235743000;177642000;116500000;29638000;2017
Autres affections neurologiques;164500;845343000;493996000;17449000;64380000;78555000;13605000;66142000;166715000;2940000;83315000;894000;258466000;135479000;92881000;13803000;2017
Maladies respiratoires chroniques (hors mucoviscidose);3591700;3662942000;2125235000;475543000;36683000;84619000;110971000;1074484000;241458000;53460000;38472000;9545000;1136566000;775660000;401142000;172751000;2017
Maladies inflammatoires chroniques intestinales;254000;932335000;455067000;36167000;6455000;4449000;8004000;355238000;17508000;16219000;10287000;741000;401764000;379759000;75505000;32741000;2017
Polyarthrite rhumatoïde ou maladies apparentées;284000;933397000;630515000;52669000;34163000;24962000;8269000;435362000;19756000;25071000;25930000;4333000;170997000;140161000;131885000;32152000;2017
Spondylarthrite ankylosante ou maladies apparentées;207000;877355000;561842000;37961000;4903000;28168000;6343000;450198000;8468000;11453000;11081000;3268000;152838000;120508000;162674000;51707000;2017
Autres maladies inflammatoires chroniques;205500;438743000;202888000;32377000;12130000;14084000;6005000;86492000;14271000;18385000;17285000;1859000;168619000;131930000;67236000;17884000;2017
Maladies métaboliques héréditaires ou amylose;115900;500973000;286304000;12801000;5476000;4195000;4822000;223169000;18386000;5428000;11538000;490000;196322000;181161000;18346000;6400000;2017
Mucoviscidose;8500;294276000;261243000;699000;6201000;14390000;299000;218276000;15332000;271000;5761000;13000;31047000;25435000;1987000;424000;2017
Hémophilie ou troubles de l'hémostase graves;50300;543850000;455084000;5518000;6140000;1269000;1463000;429514000;4276000;3586000;3095000;222000;78132000;71667000;10633000;5011000;2017
infection par le VIH;148200;1401916000;1239132000;12033000;2097000;1905000;4380000;1195137000;5695000;15127000;2643000;115000;113226000;62103000;49558000;12582000;2017
Dialyse chronique;51400;3212476000;884730000;11517000;63362000;2563000;474000;101129000;18287000;16885000;670509000;5000;2303838000;2271275000;23908000;4930000;2017
Transplantation rénale;3600;237375000;57681000;509000;1202000;33000;30000;29558000;1218000;2050000;23068000;13000;172354000;166540000;7340000;3676000;2017
Suivi de transplantation rénale;37300;487260000;253902000;6031000;3675000;891000;801000;194812000;5622000;9612000;32372000;87000;190674000;170805000;42683000;3968000;2017
Maladies du foie ou du pancréas (hors mucoviscidose);585500;2117623000;1393731000;60575000;15245000;9881000;12992000;1208492000;24371000;38872000;22223000;1080000;555138000;466191000;168754000;58621000;2017
Affections de longue durée (dont 31 et 32) pour d'autres causes;1689300;3279073000;2659004000;210691000;313241000;183700000;76971000;1100513000;433578000;54939000;273153000;12218000;258931000;133725000;361139000;86879000;2017
Hospitalisation pour Covid-19;0;0;0;0;0;0;0;0;0;0;0;0;0;;0;0;2017
Maternité (avec ou sans pathologies);1290400;8288470000;1169450000;306295000;21929000;27734000;330617000;115202000;115361000;243388000;7810000;1115000;3631747000;3304906000;3487272000;526484000;2017
Hospitalisations hors pathologies repérées (avec ou sans pathologies, traitements ou maternité);9712800;36743089000;5383216000;1694051000;481737000;402073000;289634000;1063523000;569634000;312807000;545764000;23993000;27751327000;22575030000;3608547000;3155882000;2017
Traitements antalgiques ou anti-inflammatoires (hors pathologies, traitements, maternité ou hospitalisations);1217100;1375656000;721432000;312705000;12577000;60180000;71923000;183812000;40390000;27982000;6017000;5847000;83157000;10970000;571067000;419167000;2017
Pas de pathologie, traitement, maternité, hospitalisation ou traitement antalgique ou anti-inflammatoire;35386300;10942434000;6782626000;2545044000;68736000;364716000;1776146000;1133322000;403673000;371323000;73109000;46556000;950902000;135313000;3208906000;1944578000;2017
Consommation courante de soins;;5539274000;5102283000;2282762000;61706000;604053000;817173000;426145000;305329000;598236000;;6879000;;;436990000;436990000;2017
Total;65001443;1,60753E+11;67071494000;14071794000;7286615000;3769730000;4671911000;22982104000;6633381000;3031143000;4326759000;298057000;70034350000;48213338000;23646939000;11066408000;2017
Pathologie, traitement ou événement de santé;Effectif;Total des dépenses;Total soins de ville;Soins de médecins ;Soins infirmiers;Soins de kinésithérapie;Autres professionnels de santé;Médicaments;Autres produits de santé;Biologie;Transports;Autres dépenses de soins de ville;Total hospitalisations;dont hospitalisations MCO;Total prestations en espèces;dont indemnités journalières maladie et AT/MP;2018
Syndrome coronaire aigu;99900;988450000;115960000;28288000;4150000;1684000;1767000;45470000;5767000;3799000;24723000;313000;814240000;700719000;58250000;47132000;2018
Maladie coronaire chronique;1958400;3424308000;1849596000;404337000;211284000;59910000;47123000;819785000;154267000;76028000;65570000;11292000;1084415000;854730000;490297000;94880000;2018
Accident vasculaire cérébral aigu;122700;1575768000;139685000;15859000;25076000;12888000;9222000;17621000;11445000;2662000;44613000;298000;1392904000;893936000;43178000;35256000;2018
Séquelle d'accident vasculaire cérébral;818400;2315767000;1371415000;115703000;391050000;180445000;71798000;225207000;147516000;25796000;210294000;3605000;587032000;193398000;357320000;60581000;2018
Insuffisance cardiaque aiguë;191700;1325998000;365397000;22534000;167739000;14327000;572000;48108000;61994000;11235000;38760000;128000;951204000;821202000;9398000;2746000;2018
Insuffisance cardiaque chronique;655400;1397030000;1193999000;87169000;506623000;59635000;6013000;280017000;161617000;42573000;48825000;1528000;122268000;36226000;80762000;9251000;2018
Artériopathie périphérique;720500;2146277000;871424000;141979000;217016000;34168000;11749000;244208000;129677000;25249000;64186000;3192000;1082330000;887054000;192524000;39128000;2018
Troubles du rythme ou de la conduction cardiaque;1856400;3091167000;1259256000;242778000;212775000;57901000;28466000;456980000;120629000;66687000;66797000;6242000;1674081000;1517007000;157831000;47552000;2018
Maladie valvulaire;451700;1254226000;239584000;62121000;31978000;11542000;6952000;51903000;24726000;26555000;22575000;1231000;961546000;855070000;53096000;14808000;2018
Embolie pulmonaire;44000;234003000;43785000;9222000;4534000;1191000;511000;17182000;5106000;2152000;3813000;74000;177941000;158509000;12277000;10797000;2018
Autres affections cardiovasculaires;375700;492951000;268167000;44123000;34506000;8930000;9110000;95515000;38690000;9247000;27340000;706000;165464000;114794000;59320000;15485000;2018
Traitements antihypertenseurs (hors pathologies);7245400;4410574000;3227543000;867929000;305982000;191465000;202063000;1130176000;322989000;129260000;31831000;45850000;178491000;18218000;1004540000;370148000;2018
Traitements hypolipémiants (hors pathologies);3128800;1518153000;1082709000;313002000;26904000;58584000;80593000;442629000;83505000;49369000;7623000;20499000;55415000;1967000;380030000;92609000;2018
Diabète;3827800;8459575000;6873796000;699517000;1545586000;136069000;116865000;2415550000;1592188000;235427000;111456000;21139000;740482000;451842000;845298000;202284000;2018
Cancer du sein de la femme actif;231700;2750591000;1093654000;280522000;35290000;31671000;5918000;482574000;26883000;27970000;200904000;1922000;1445479000;1268747000;211459000;169749000;2018
Cancer du sein de la femme sous surveillance;483200;518461000;324927000;94786000;16784000;42643000;15127000;94269000;20060000;18611000;17473000;5173000;56800000;14938000;136733000;19055000;2018
Cancer colorectal actif;160800;1521884000;342158000;67681000;51849000;3241000;2502000;85420000;57162000;17730000;56137000;436000;1122066000;968107000;57660000;35497000;2018
Cancer colorectal sous surveillance;208800;211326000;135953000;28232000;25055000;5852000;4491000;20110000;37020000;7700000;6494000;999000;34613000;13682000;40759000;4674000;2018
Cancer bronchopulmonaire actif;98300;2014752000;603998000;86300000;24788000;4741000;1280000;365554000;21854000;13580000;85624000;277000;1318511000;1143111000;92243000;44336000;2018
Cancer bronchopulmonaire sous surveillance;49800;104016000;40087000;9028000;3493000;2570000;1019000;12308000;5583000;1427000;4422000;237000;12798000;1647000;51131000;2562000;2018
Cancer de la prostate actif;228900;1586220000;1007966000;272380000;30663000;10536000;4700000;538275000;21522000;21399000;107452000;1037000;531380000;440858000;46875000;18972000;2018
Cancer de la prostate sous surveillance;299200;208530000;142799000;34162000;10732000;6283000;6945000;47094000;18213000;10028000;7315000;2027000;23122000;2476000;42609000;1777000;2018
Autres cancers actifs;908100;8971371000;3069240000;273923000;158680000;31263000;20436000;1998902000;175454000;90814000;316825000;2943000;5569868000;4752703000;332263000;179751000;2018
Autres cancers sous surveillance;935100;910672000;552166000;118422000;54951000;32750000;25602000;133824000;105357000;35160000;41899000;4200000;140942000;32052000;217564000;39838000;2018
Troubles psychotiques;466600;4626644000;773711000;67555000;227700000;12552000;13447000;331746000;20164000;9575000;90612000;359000;3573757000;27223000;279177000;30447000;2018
Troubles névrotiques et de l'humeur;1378500;5941669000;1319808000;324975000;207530000;82739000;46909000;376708000;77753000;35764000;159986000;7443000;2925189000;183426000;1696672000;596873000;2018
Déficience mentale;137900;554925000;173384000;14732000;34161000;12536000;13535000;26997000;37553000;1737000;32059000;74000;374415000;1992000;7126000;1569000;2018
Troubles addictifs;579800;1600717000;250775000;57310000;24871000;10351000;15486000;87856000;21401000;7625000;25431000;444000;1040115000;222687000;309827000;171506000;2018
Troubles psychiatriques débutant dans l'enfance;186000;1305986000;240179000;17060000;2870000;2857000;54078000;19922000;8209000;1127000;134022000;33000;1063433000;21991000;2374000;1100000;2018
Autres troubles psychiatriques;445000;1658832000;359722000;69375000;58113000;15465000;16399000;96565000;26175000;9518000;67073000;1039000;1075794000;132011000;223316000;59272000;2018
Traitements antidépresseurs ou thymorégulateurs (hors pathologies);2926800;2766517000;1180058000;432494000;48895000;118489000;78966000;333604000;90479000;49211000;16774000;11146000;200574000;0;1385886000;891347000;2018
Traitements neuroleptiques (hors pathologies);318800;277564000;168146000;26304000;34786000;6637000;7214000;66483000;8524000;3064000;14834000;301000;22326000;0;87092000;14089000;2018
Traitements anxiolytiques (hors pathologies);3089700;2513103000;1334240000;421359000;99465000;121680000;72783000;413354000;107580000;59486000;29090000;9443000;117671000;0;1061192000;661718000;2018
Traitements hypnotiques (hors pathologies);1312300;1008825000;600398000;177229000;58520000;55273000;28763000;181910000;56885000;23324000;12785000;5709000;41866000;0;366561000;159202000;2018
Démences (dont maladie d'Alzheimer);765400;2467580000;1745387000;58571000;1039557000;198531000;69523000;74480000;181008000;10737000;112306000;673000;685178000;173417000;37015000;834000;2018
Maladie de Parkinson;268000;1036584000;796453000;39644000;226882000;141572000;26102000;175917000;114043000;5502000;64137000;2653000;180455000;59472000;59675000;6904000;2018
Sclérose en plaques;111100;1370216000;919403000;25889000;39312000;48599000;7528000;673114000;65842000;6087000;52283000;749000;251771000;155093000;199042000;22846000;2018
Lésion médullaire;93400;705046000;375107000;12956000;72075000;41529000;2914000;17326000;178510000;2277000;46984000;536000;146081000;36250000;183858000;27625000;2018
Myopathie ou myasthénie;47800;262459000;140239000;5881000;12804000;20009000;2315000;42031000;37228000;1364000;18419000;189000;81271000;51536000;40949000;4067000;2018
Épilepsie;491600;758324000;389311000;46623000;32003000;17565000;24393000;177622000;37634000;7177000;45825000;469000;244614000;175606000;124399000;34006000;2018
Autres affections neurologiques;170600;911790000;511672000;18356000;67831000;79855000;14485000;70343000;171173000;3004000;85759000;864000;304453000;176614000;95665000;13316000;2018
Maladies respiratoires chroniques (hors mucoviscidose);3608200;3729903000;2139946000;483661000;37680000;87411000;114153000;1070847000;243511000;54107000;39377000;9197000;1159977000;784134000;429980000;190059000;2018
Maladies inflammatoires chroniques intestinales;261600;938828000;498538000;38067000;6298000;4728000;8270000;394675000;17959000;17039000;10721000;780000;358718000;334419000;81572000;35329000;2018
Polyarthrite rhumatoïde ou maladies apparentées;292300;935960000;646397000;55564000;32163000;26100000;8645000;449961000;19353000;25274000;24831000;4506000;152455000;121481000;137108000;32835000;2018
Spondylarthrite ankylosante ou maladies apparentées;217700;905327000;587951000;40767000;5184000;29884000;6767000;470732000;8708000;12033000;10586000;3290000;142646000;107445000;174730000;54476000;2018
Autres maladies inflammatoires chroniques;211900;449244000;209488000;34101000;14043000;14775000;6451000;86210000;14669000;19131000;18185000;1922000;167931000;127328000;71825000;19104000;2018
Maladies métaboliques héréditaires ou amylose;119000;544877000;322659000;13241000;6030000;4444000;5107000;256153000;19492000;5455000;12250000;487000;203411000;186694000;18808000;6373000;2018
Mucoviscidose;8700;307320000;275583000;713000;6261000;13952000;324000;233063000;15497000;266000;5497000;11000;29569000;23523000;2168000;462000;2018
Hémophilie ou troubles de l'hémostase graves;51900;552282000;467447000;5857000;6127000;1371000;1496000;441115000;4539000;3660000;3049000;234000;73024000;65302000;11811000;5652000;2018
infection par le VIH;151500;1341296000;1185323000;12638000;2063000;1950000;4658000;1140673000;5796000;14561000;2849000;135000;107847000;58705000;48126000;12295000;2018
Dialyse chronique;52800;3249911000;897921000;12749000;57651000;2783000;369000;104632000;18348000;16770000;684550000;67000;2328253000;2297566000;23737000;4428000;2018
Transplantation rénale;3300;223912000;53826000;445000;1091000;46000;32000;26951000;1274000;1817000;22166000;6000;163253000;157348000;6833000;3545000;2018
Suivi de transplantation rénale;38600;513006000;269255000;6429000;4327000;924000;840000;205446000;6103000;9717000;35376000;93000;199161000;178184000;44590000;4346000;2018
Maladies du foie ou du pancréas (hors mucoviscidose);595900;1787578000;1064150000;62145000;15196000;10772000;13313000;878798000;24163000;36597000;22054000;1113000;552250000;463266000;171178000;60714000;2018
Affections de longue durée (dont 31 et 32) pour d'autres causes;1730000;3405971000;2771235000;219526000;316789000;184293000;81462000;1179397000;442502000;55636000;279433000;12196000;265802000;130587000;368935000;87740000;2018
Hospitalisation pour Covid-19;0;0;0;0;0;0;0;0;0;0;0;0;0;;0;0;2018
Maternité (avec ou sans pathologies);1269700;8342439000;1188316000;305399000;22655000;26660000;348962000;112455000;124065000;239110000;7696000;1313000;3622213000;3287888000;3531910000;541519000;2018
Hospitalisations hors pathologies repérées (avec ou sans pathologies, traitements ou maternité);9816200;37395743000;5524845000;1742592000;504749000;415501000;299177000;1077461000;597204000;310880000;552800000;24480000;28141143000;22801882000;3729756000;3256587000;2018
Traitements antalgiques ou anti-inflammatoires (hors pathologies, traitements, maternité ou hospitalisations);1150400;1336546000;690951000;299346000;12774000;58154000;70079000;174547000;38351000;26617000;5811000;5272000;81744000;10181000;563851000;415664000;2018
Pas de pathologie, traitement, maternité, hospitalisation ou traitement antalgique ou anti-inflammatoire;35664200;11325995000;6936945000;2601190000;72744000;382254000;1809260000;1146899000;419801000;380932000;76608000;47255000;986506000;133539000;3402544000;2115086000;2018
Consommation courante de soins;;5693828000;5242094000;2351851000;65410000;618949000;842119000;454449000;313643000;587402000;;8272000;;;451735000;451735000;2018
Total;65392709;1,64179E+11;68466125000;14422590000;7574098000;3871486000;4797151000;23139122000;6924364000;3004042000;4435170000;298103000;71308257000;48829784000;24404438000;11553535000;2018
Pathologie, traitement ou événement de santé;Effectif;Total des dépenses;Total soins de ville;Soins de médecins ;Soins infirmiers;Soins de kinésithérapie;Autres professionnels de santé;Médicaments;Autres produits de santé;Biologie;Transports;Autres dépenses de soins de ville;Total hospitalisations;dont hospitalisations MCO;Total prestations en espèces;dont indemnités journalières maladie et AT/MP;2019
Syndrome coronaire aigu;102200;1013254000;115632000;28915000;4231000;1671000;1794000;46007000;7029000;3991000;21726000;268000;838169000;719612000;59453000;48674000;2019
Maladie coronaire chronique;1999900;3534548000;1906671000;418120000;222166000;63438000;50212000;827479000;169725000;78052000;66398000;11081000;1123731000;883499000;504146000;100604000;2019
Accident vasculaire cérébral aigu;122800;1601075000;132987000;16132000;24274000;12656000;9640000;17694000;11752000;2646000;37893000;300000;1421283000;908126000;46805000;38551000;2019
Séquelle d'accident vasculaire cérébral;841600;2401133000;1416215000;120124000;405829000;180557000;75752000;233261000;155992000;26237000;214851000;3612000;610878000;200942000;374040000;65263000;2019
Insuffisance cardiaque aiguë;194800;1346785000;365726000;21866000;170078000;12228000;597000;54664000;57454000;11471000;37225000;140000;968492000;836049000;12567000;2735000;2019
Insuffisance cardiaque chronique;653400;1427514000;1215475000;86085000;513184000;59955000;6282000;292768000;164441000;40381000;51089000;1289000;128873000;41246000;83166000;9517000;2019
Artériopathie périphérique;723200;2175341000;877012000;143668000;218533000;35182000;12159000;241102000;134958000;25343000;62949000;3118000;1106875000;900726000;191454000;40091000;2019
Troubles du rythme ou de la conduction cardiaque;1897300;3258283000;1373928000;254622000;243414000;62625000;30973000;508153000;135129000;65064000;67797000;6151000;1717417000;1551408000;166938000;50804000;2019
Maladie valvulaire;458200;1301031000;255903000;63897000;38179000;12678000;7409000;59368000;26844000;25809000;20385000;1332000;989454000;882118000;55674000;16222000;2019
Embolie pulmonaire;44700;239057000;43337000;9387000;4487000;1143000;509000;16338000;5160000;2168000;4056000;89000;182352000;162673000;13368000;11350000;2019
Autres affections cardiovasculaires;380500;511560000;281246000;45225000;37574000;9658000;9810000;102669000;39529000;9052000;27057000;671000;167041000;115119000;63273000;17315000;2019
Traitements antihypertenseurs (hors pathologies);7242000;4464301000;3239516000;868336000;314102000;200717000;206391000;1099981000;344080000;129819000;32471000;43619000;190091000;18714000;1034694000;390286000;2019
Traitements hypolipémiants (hors pathologies);3024300;1463831000;1039475000;305346000;25572000;59866000;79350000;406536000;88037000;47838000;7600000;19329000;57528000;2036000;366828000;88803000;2019
Diabète;3923900;8774207000;7125954000;728043000;1610075000;147291000;128331000;2469258000;1662918000;241502000;118073000;20462000;765722000;457174000;882531000;221027000;2019
Cancer du sein de la femme actif;235200;2918376000;1230190000;292900000;37547000;32641000;6098000;599943000;28780000;30395000;199839000;2047000;1465021000;1277804000;223164000;177661000;2019
Cancer du sein de la femme sous surveillance;492000;549481000;347311000;96764000;19389000;44924000;15776000;107230000;21666000;18873000;17528000;5161000;61303000;16466000;140867000;20389000;2019
Cancer colorectal actif;156300;1490157000;333016000;69190000;51686000;3491000;2534000;81049000;55313000;17216000;52051000;486000;1102323000;947711000;54818000;34516000;2019
Cancer colorectal sous surveillance;218700;223202000;144799000;29873000;27314000;6516000;4965000;21845000;38508000;8070000;6780000;929000;36885000;14068000;41519000;4612000;2019
Cancer bronchopulmonaire actif;101300;2282901000;671873000;94142000;27309000;5195000;1327000;416612000;24419000;15047000;87529000;292000;1517004000;1332102000;94024000;44081000;2019
Cancer bronchopulmonaire sous surveillance;52500;109785000;44250000;9596000;3071000;2630000;1075000;15751000;5634000;1555000;4686000;253000;14144000;1656000;51391000;2501000;2019
Cancer de la prostate actif;228300;1669369000;1069814000;296948000;29535000;10692000;4802000;575749000;21422000;21691000;107907000;1067000;554029000;460038000;45526000;18195000;2019
Cancer de la prostate sous surveillance;310900;232424000;160201000;36414000;12483000;7064000;7496000;55022000;20604000;10651000;8385000;2081000;27882000;2876000;44341000;2109000;2019
Autres cancers actifs;918400;9474918000;3266791000;282112000;159209000;32930000;21483000;2177787000;180726000;94778000;314849000;2917000;5869178000;5021769000;338948000;183565000;2019
Autres cancers sous surveillance;972300;954998000;580634000;123015000;57734000;35508000;27345000;142467000;110633000;36249000;43359000;4325000;146938000;31254000;227426000;42687000;2019
Troubles psychotiques;472300;4684358000;795729000;67369000;246474000;13167000;14096000;333558000;21269000;10050000;89385000;361000;3606818000;27102000;281812000;30458000;2019
Troubles névrotiques et de l'humeur;1398100;6127877000;1364023000;328936000;228618000;84909000;49383000;380247000;83187000;36716000;164825000;7203000;3025888000;184595000;1737967000;598768000;2019
Déficience mentale;137500;546781000;176888000;14799000;36709000;12581000;14169000;27288000;38046000;1800000;31424000;72000;362528000;1975000;7366000;1652000;2019
Troubles addictifs;715500;1778946000;329520000;76128000;26476000;13688000;21709000;128950000;26612000;10597000;24808000;554000;1063142000;230218000;386284000;222023000;2019
Troubles psychiatriques débutant dans l'enfance;198100;1327498000;251136000;18657000;3683000;3030000;59320000;21049000;8960000;1237000;135162000;38000;1073284000;23209000;3079000;1558000;2019
Autres troubles psychiatriques;434500;1632344000;348145000;66933000;58189000;15143000;16959000;91704000;26235000;9933000;62149000;902000;1070518000;133296000;213680000;61711000;2019
Traitements antidépresseurs ou thymorégulateurs (hors pathologies);2924000;2835851000;1184252000;432758000;50784000;120712000;80706000;328157000;94981000;49985000;15578000;10590000;210688000;0;1440911000;935386000;2019
Traitements neuroleptiques (hors pathologies);314800;275403000;166714000;25822000;34952000;6661000;7577000;63321000;9500000;3022000;15581000;278000;23009000;0;85680000;15062000;2019
Traitements anxiolytiques (hors pathologies);2999100;2517289000;1331424000;406800000;103028000;121585000;71985000;423064000;109317000;57970000;29197000;8478000;120766000;0;1065099000;671784000;2019
Traitements hypnotiques (hors pathologies);1212200;961983000;570911000;162991000;57052000;52043000;26875000;180962000;53313000;21516000;11127000;5031000;41137000;0;349935000;152214000;2019
Démences (dont maladie d'Alzheimer);754400;2445081000;1722209000;55845000;1036006000;194750000;72303000;60262000;181437000;10252000;110722000;634000;682781000;172194000;40090000;1123000;2019
Maladie de Parkinson;270300;1087423000;837778000;40409000;247500000;144318000;29436000;169136000;129296000;5620000;69462000;2601000;186939000;57068000;62705000;7590000;2019
Sclérose en plaques;114500;1297530000;806825000;26969000;39662000;48683000;8043000;556201000;66868000;6363000;53344000;692000;286550000;182935000;204155000;23895000;2019
Lésion médullaire;95100;712655000;377135000;12881000;73688000;41436000;3038000;17390000;180422000;2287000;45499000;495000;150786000;38308000;184734000;26976000;2019
Myopathie ou myasthénie;49000;278109000;152532000;6090000;12275000;20018000;2508000;53665000;37753000;1456000;18569000;199000;83605000;52239000;41972000;4559000;2019
Épilepsie;500400;778347000;403062000;47945000;35196000;18805000;26096000;180507000;39872000;7538000;46670000;433000;244697000;172954000;130589000;35156000;2019
Autres affections neurologiques;177800;964114000;532772000;19443000;70752000;80708000;15743000;78929000;176560000;3264000;86503000;872000;329593000;196705000;101749000;15256000;2019
Maladies respiratoires chroniques (hors mucoviscidose);3623600;3727217000;2140122000;484715000;38580000;91613000;119418000;1049111000;251710000;55927000;39894000;9155000;1144899000;762416000;442195000;200246000;2019
Maladies inflammatoires chroniques intestinales;271800;986077000;529117000;39745000;6950000;5152000;8885000;419677000;18493000;18138000;11308000;769000;370911000;345125000;86049000;36225000;2019
Polyarthrite rhumatoïde ou maladies apparentées;299800;962158000;672693000;57346000;34060000;27137000;9334000;471116000;20472000;25526000;23193000;4509000;147901000;115573000;141564000;33807000;2019
Spondylarthrite ankylosante ou maladies apparentées;228200;937160000;604606000;43232000;5448000;31619000;7321000;480916000;9701000;12677000;10328000;3364000;145670000;107796000;186884000;57643000;2019
Autres maladies inflammatoires chroniques;219900;488099000;228403000;35876000;12500000;15844000;6958000;100956000;15306000;20190000;18767000;2007000;183214000;139712000;76482000;20604000;2019
Maladies métaboliques héréditaires ou amylose;121700;618453000;368074000;13599000;6251000;4625000;5429000;301106000;19751000;5620000;11238000;455000;230430000;213038000;19949000;6875000;2019
Mucoviscidose;8800;317588000;282394000;728000;5849000;13468000;338000;240615000;15441000;277000;5670000;9000;32981000;26073000;2213000;417000;2019
Hémophilie ou troubles de l'hémostase graves;54400;578988000;494995000;6225000;6220000;1511000;1655000;467812000;4773000;3742000;2803000;253000;70592000;62967000;13401000;6194000;2019
infection par le VIH;156800;1221395000;1063787000;13186000;2126000;2073000;5125000;1017253000;5720000;15207000;2951000;144000;108067000;59380000;49542000;13713000;2019
Dialyse chronique;54000;3277205000;899359000;11589000;66769000;3669000;498000;99727000;21693000;16406000;678997000;11000;2354667000;2323356000;23179000;4179000;2019
Transplantation rénale;3500;229194000;53349000;509000;1381000;45000;43000;26366000;1137000;1918000;21943000;6000;169008000;163345000;6837000;3453000;2019
Suivi de transplantation rénale;39700;518354000;263001000;6772000;4584000;1005000;932000;197226000;6394000;9818000;36178000;92000;210222000;188418000;45131000;3970000;2019
Maladies du foie ou du pancréas (hors mucoviscidose);603700;1560876000;842468000;62844000;16663000;10677000;13934000;655212000;25182000;36121000;20779000;1056000;550709000;462859000;167699000;61507000;2019
Affections de longue durée (dont 31 et 32) pour d'autres causes;1733100;3427973000;2782774000;220302000;311800000;178772000;86645000;1218111000;435204000;55701000;264502000;11737000;273085000;132127000;372113000;90538000;2019
Hospitalisation pour Covid-19;0;1000;0;0;0;0;0;0;0;0;0;0;1000;;0;0;2019
Maternité (avec ou sans pathologies);1259600;8464048000;1234653000;296991000;24290000;26058000;384792000;110507000;119286000;264410000;6795000;1523000;3617471000;3265191000;3611925000;559309000;2019
Hospitalisations hors pathologies repérées (avec ou sans pathologies, traitements ou maternité);9879800;38035362000;5601274000;1765851000;519650000;423563000;312495000;1077890000;629530000;317446000;530678000;24170000;28566100000;23066934000;3867988000;3384100000;2019
Traitements antalgiques ou anti-inflammatoires (hors pathologies, traitements, maternité ou hospitalisations);1105100;1324514000;675230000;287810000;12209000;56194000;70054000;172992000;39207000;26295000;5735000;4734000;83083000;11372000;566201000;420908000;2019
Pas de pathologie, traitement, maternité, hospitalisation ou traitement antalgique ou anti-inflammatoire;35983800;11779116000;7146019000;2643286000;75594000;401376000;1894693000;1165023000;441290000;399716000;78148000;46893000;1033700000;147370000;3599397000;2285124000;2019
Consommation courante de soins;;5898489000;5431518000;2384403000;68169000;647137000;876351000;531421000;313790000;600940000;;9307000;;;466971000;466971000;2019
Total;65891771;1,68021E+11;69902848000;14626508000;7837108000;3975030000;5036955000;23466159000;7188461000;3089582000;4392396000;290648000;72918051000;49851036000;25200489000;12092513000;2019
Pathologie, traitement ou événement de santé;Effectif;Total des dépenses;Total soins de ville;Soins de médecins ;Soins infirmiers;Soins de kinésithérapie;Autres professionnels de santé;Médicaments;Autres produits de santé;Biologie;Transports;Autres dépenses de soins de ville;Total hospitalisations;dont hospitalisations MCO;Total prestations en espèces;dont indemnités journalières maladie et AT/MP;2020
Syndrome coronaire aigu;98400;945101000;110761000;28927000;3689000;1454000;1663000;44274000;8137000;4800000;17698000;119000;776748000;678474000;57592000;47583000;2020
Maladie coronaire chronique;2031700;3547619000;1981736000;405899000;239579000;58296000;50321000;881586000;188103000;91944000;62149000;3858000;1005292000;794239000;560591000;133207000;2020
Accident vasculaire cérébral aigu;119500;1618733000;134888000;16177000;26787000;12994000;9615000;18347000;12243000;3225000;35386000;113000;1439773000;886425000;44073000;36949000;2020
Séquelle d'accident vasculaire cérébral;855800;2387995000;1366051000;118305000;421486000;157608000;65354000;246421000;158298000;32014000;165169000;1395000;614391000;191724000;407553000;80981000;2020
Insuffisance cardiaque aiguë;174300;1234324000;356298000;21646000;157243000;10073000;479000;55422000;65245000;11396000;34751000;42000;869653000;739755000;8373000;3681000;2020
Insuffisance cardiaque chronique;657200;1504578000;1282863000;82877000;539042000;55232000;6077000;335790000;176769000;39225000;47324000;526000;133329000;42179000;88386000;11632000;2020
Artériopathie périphérique;716800;2126757000;883142000;136227000;232478000;32045000;11621000;245800000;138611000;28275000;57065000;1020000;1045976000;839957000;197639000;44177000;2020
Troubles du rythme ou de la conduction cardiaque;1895600;3308765000;1479038000;247754000;269768000;57861000;29846000;577450000;151025000;77938000;65162000;2234000;1647077000;1491986000;182650000;62422000;2020
Maladie valvulaire;453900;1226470000;262447000;60775000;44121000;10843000;6821000;66263000;29386000;24696000;19122000;418000;903100000;809637000;60924000;19761000;2020
Embolie pulmonaire;47700;252154000;44786000;9751000;4388000;1070000;557000;16319000;5601000;2733000;4327000;39000;192934000;171027000;14434000;12620000;2020
Autres affections cardiovasculaires;389700;505697000;284833000;43798000;39310000;8522000;9431000;108140000;41783000;11371000;22216000;262000;148276000;99391000;72588000;22487000;2020
Traitements antihypertenseurs (hors pathologies);7213600;4541483000;3206874000;821560000;337026000;180007000;194350000;1053439000;381178000;191764000;31652000;15897000;164684000;16439000;1169925000;515428000;2020
Traitements hypolipémiants (hors pathologies);2970500;1465340000;1027550000;287421000;32016000;53014000;74566000;401231000;97489000;67705000;7500000;6607000;49633000;1641000;388157000;112489000;2020
Diabète;4020400;9164277000;7479295000;730127000;1725621000;140046000;133916000;2576214000;1790055000;265390000;110274000;7652000;667933000;388925000;1017048000;320246000;2020
Cancer du sein de la femme actif;234600;2951610000;1261949000;302729000;38010000;29725000;5789000;629016000;28756000;32767000;194442000;714000;1463527000;1263699000;226135000;181388000;2020
Cancer du sein de la femme sous surveillance;494700;572967000;361882000;93012000;22799000;39551000;15112000;128344000;22563000;22879000;15762000;1859000;55590000;13215000;155495000;27995000;2020
Cancer colorectal actif;149100;1474906000;348058000;69780000;56897000;2792000;2262000;89449000;58396000;17493000;50833000;157000;1068580000;910867000;58267000;36383000;2020
Cancer colorectal sous surveillance;225900;233127000;150976000;28783000;32497000;5906000;4960000;23082000;39781000;9271000;6358000;338000;36968000;12222000;45183000;5960000;2020
Cancer bronchopulmonaire actif;103500;2571873000;715634000;101783000;27862000;5241000;1319000;449796000;25302000;15336000;88891000;104000;1761274000;1561071000;94965000;46078000;2020
Cancer bronchopulmonaire sous surveillance;54800;135263000;67088000;9851000;3565000;2511000;1085000;37826000;6245000;1860000;4057000;87000;14980000;1528000;53195000;3536000;2020
Cancer de la prostate actif;220500;1723224000;1134712000;309463000;30750000;9305000;4587000;629868000;22713000;22628000;105033000;366000;541754000;447186000;46759000;19876000;2020
Cancer de la prostate sous surveillance;321600;262345000;187987000;36177000;13986000;6462000;7470000;79270000;23175000;12441000;8277000;729000;28356000;3036000;46002000;2367000;2020
Autres cancers actifs;912400;9956802000;3487328000;289770000;173195000;28525000;19862000;2373869000;187880000;99356000;313632000;1239000;6115146000;5230005000;354329000;193803000;2020
Autres cancers sous surveillance;997200;999527000;602571000;120326000;67563000;32144000;26465000;155314000;116181000;44229000;38719000;1629000;145930000;30997000;251027000;54742000;2020
Troubles psychotiques;477800;4845259000;816711000;67481000;273803000;12327000;13321000;344038000;23945000;13671000;67934000;191000;3740378000;26047000;288169000;33086000;2020
Troubles névrotiques et de l'humeur;1390000;6199380000;1367100000;327271000;250748000;76982000;47798000;387086000;88748000;51950000;133324000;3193000;3048078000;161264000;1784202000;605945000;2020
Déficience mentale;137300;562288000;170266000;14331000;40119000;10704000;11501000;28722000;37218000;5023000;22616000;32000;383953000;1647000;8069000;2197000;2020
Troubles addictifs;694500;1757890000;340798000;74524000;30512000;13035000;19798000;134263000;28537000;17344000;22517000;269000;1000889000;193682000;416202000;244226000;2020
Troubles psychiatriques débutant dans l'enfance;204800;1227676000;210992000;18132000;4148000;2664000;52299000;23808000;9163000;2875000;97880000;23000;1012911000;19913000;3773000;2039000;2020
Autres troubles psychiatriques;407400;1590020000;323552000;62441000;60291000;12322000;15078000;86551000;26426000;13184000;46877000;382000;1071607000;122480000;194862000;61140000;2020
Traitements antidépresseurs ou thymorégulateurs (hors pathologies);2996900;3012087000;1222559000;426639000;63950000;109272000;77480000;330400000;105184000;90209000;14611000;4814000;227752000;0;1561777000;1033552000;2020
Traitements neuroleptiques (hors pathologies);323300;287062000;175167000;26316000;40719000;5968000;7197000;64818000;10704000;6153000;13044000;248000;24807000;0;87089000;16777000;2020
Traitements anxiolytiques (hors pathologies);3131200;2757920000;1426220000;425547000;114446000;115752000;72409000;450090000;121903000;94372000;28128000;3573000;120721000;0;1210979000;803611000;2020
Traitements hypnotiques (hors pathologies);1194800;993345000;575285000;156623000;59898000;46674000;26028000;184560000;56038000;32324000;11326000;1814000;38892000;0;379168000;180449000;2020
Démences (dont maladie d'Alzheimer);724100;2346184000;1633709000;57314000;1009870000;160819000;55270000;61684000;178514000;29218000;80763000;256000;674959000;150781000;37516000;1079000;2020
Maladie de Parkinson;271300;1070430000;835776000;40347000;270416000;131412000;26474000;164431000;139154000;7923000;54623000;995000;169279000;48420000;65375000;8606000;2020
Sclérose en plaques;118100;1324545000;770438000;26904000;41043000;43681000;7480000;536751000;64849000;7460000;41983000;288000;332864000;238539000;221244000;29926000;2020
Lésion médullaire;95000;705368000;366887000;12369000;78033000;37659000;2786000;17923000;179753000;3109000;35040000;215000;147727000;34498000;190754000;28272000;2020
Myopathie ou myasthénie;50100;274776000;152424000;5943000;12691000;17341000;2184000;60638000;37662000;1879000;14009000;78000;76688000;45914000;45664000;6238000;2020
Épilepsie;506600;782571000;412839000;47453000;40571000;17247000;23614000;194614000;42391000;11890000;34881000;177000;226957000;159295000;142774000;41859000;2020
Autres affections neurologiques;184600;973062000;525378000;19507000;74279000;72248000;14154000;97962000;174307000;5558000;67005000;358000;336126000;206800000;111558000;16798000;2020
Maladies respiratoires chroniques (hors mucoviscidose);3575100;3625835000;2140281000;439363000;49857000;79600000;110151000;1068275000;259958000;97811000;31810000;3456000;888592000;575513000;596963000;327735000;2020
Maladies inflammatoires chroniques intestinales;280600;1054243000;594880000;40295000;7966000;4621000;8698000;479845000;19658000;22254000;11168000;375000;351209000;326674000;108155000;52125000;2020
Polyarthrite rhumatoïde ou maladies apparentées;305300;965766000;686957000;56457000;35818000;23843000;9175000;492082000;21392000;26714000;19879000;1596000;122748000;94933000;156061000;43282000;2020
Spondylarthrite ankylosante ou maladies apparentées;235400;964320000;623076000;44260000;6176000;27096000;7294000;501875000;10650000;14987000;9368000;1370000;127755000;91285000;213489000;71123000;2020
Autres maladies inflammatoires chroniques;225200;497080000;243761000;36566000;15183000;14064000;6897000;116831000;15851000;22301000;15335000;733000;165616000;126489000;87703000;27378000;2020
Maladies métaboliques héréditaires ou amylose;122000;683679000;442887000;12837000;6436000;3826000;4953000;379117000;20154000;6425000;8966000;174000;219032000;203528000;21760000;8177000;2020
Mucoviscidose;8900;340750000;312910000;688000;4464000;12028000;304000;276353000;14322000;387000;4363000;1000;24816000;19047000;3025000;939000;2020
Hémophilie ou troubles de l'hémostase graves;57200;610711000;538878000;6539000;6332000;1409000;1631000;511060000;4950000;4157000;2696000;104000;56733000;49181000;15101000;7530000;2020
infection par le VIH;158700;1172913000;1031548000;13608000;2558000;2045000;4898000;982260000;5869000;17717000;2529000;65000;88843000;48685000;52522000;17296000;2020
Dialyse chronique;55600;3368324000;942498000;11372000;69554000;3069000;464000;100128000;21192000;19047000;717661000;11000;2399201000;2366591000;26624000;6063000;2020
Transplantation rénale;2500;163424000;40159000;392000;1193000;12000;50000;19366000;1021000;1644000;16471000;9000;117736000;113945000;5529000;2927000;2020
Suivi de transplantation rénale;40700;518540000;266970000;6557000;5740000;790000;894000;200437000;7346000;11532000;33640000;35000;199991000;181649000;51579000;7417000;2020
Maladies du foie ou du pancréas (hors mucoviscidose);593100;1382891000;676888000;61010000;20133000;9673000;13116000;488807000;26902000;37148000;19695000;405000;528010000;445071000;177992000;70885000;2020
Affections de longue durée (dont 31 et 32) pour d'autres causes;1751100;3443780000;2766505000;214343000;320037000;153590000;79176000;1279071000;435923000;69751000;207367000;7248000;240012000;119114000;437263000;108657000;2020
Hospitalisation pour Covid-19;195900;1563450000;103581000;20394000;14865000;6903000;2398000;15641000;11263000;9438000;22537000;141000;1412784000;1164775000;47084000;36197000;2020
Maternité (avec ou sans pathologies);1236100;8397039000;1229534000;281824000;28623000;22978000;395712000;99953000;121371000;271404000;6568000;1102000;3531525000;3218835000;3635980000;610829000;2020
Hospitalisations hors pathologies repérées (avec ou sans pathologies, traitements ou maternité);8675800;33948071000;5128302000;1523545000;523304000;354514000;247365000;940543000;592568000;456202000;481539000;8723000;25260729000;20075760000;3559040000;3128166000;2020
Traitements antalgiques ou anti-inflammatoires (hors pathologies, traitements, maternité ou hospitalisations);839500;1248079000;564525000;219790000;14275000;46828000;56508000;143236000;37322000;39766000;4763000;2039000;57707000;9474000;625847000;476474000;2020
Pas de pathologie, traitement, maternité, hospitalisation ou traitement antalgique ou anti-inflammatoire;36871300;12617128000;7445619000;2497341000;131981000;359118000;1780309000;1211873000;459842000;922300000;62084000;20770000;893185000;134065000;4278324000;2877792000;2020
Consommation courante de soins;;5971312000;5270425000;2179340000;95896000;541587000;792993000;514997000;29320000;1109301000;;6991000;;;700887000;700887000;2020
Total;66021710;1,67958E+11;70595030000;13848582000;8365607000;3494928000;4681387000;24212618000;7216285000;4685168000;3970798000;119659000;70211716000;47399521000;27151390000;13693471000;2020
Pathologie, traitement ou événement de santé;Effectif;Total des dépenses;Total soins de ville;Soins de médecins ;Soins infirmiers;Soins de kinésithérapie;Autres professionnels de santé;Médicaments;Autres produits de santé;Biologie;Transports;Autres dépenses de soins de ville;Total hospitalisations;dont hospitalisations MCO;Total prestations en espèces;dont indemnités journalières maladie et AT/MP;2021
Syndrome coronaire aigu;101900;1029526000;124981000;30508000;4506000;1849000;2246000;46436000;9457000;5968000;23559000;453000;842649000;726175000;61896000;49941000;2021
Maladie coronaire chronique;2072700;3881716000;2193185000;442548000;253836000;71905000;64961000;949980000;213827000;102139000;78646000;15343000;1143070000;907736000;545460000;122318000;2021
Accident vasculaire cérébral aigu;121000;1728085000;145264000;16747000;25052000;13100000;9996000;19140000;12942000;3726000;44195000;366000;1533773000;957709000;49049000;41015000;2021
Séquelle d'accident vasculaire cérébral;860400;2528866000;1483777000;125566000;426864000;180018000;78901000;252774000;167598000;33951000;213387000;4719000;648112000;222677000;396977000;79591000;2021
Insuffisance cardiaque aiguë;181600;1342623000;380850000;22341000;152300000;12788000;818000;64502000;72982000;11319000;43623000;177000;952611000;814485000;9162000;4276000;2021
Insuffisance cardiaque chronique;646300;1570709000;1341853000;85698000;513233000;62529000;7992000;383593000;188234000;37239000;61440000;1894000;143088000;47509000;85768000;11613000;2021
Artériopathie périphérique;721700;2288529000;949846000;144426000;244644000;38567000;15156000;248786000;152255000;30539000;71362000;4111000;1147221000;928925000;191462000;43558000;2021
Troubles du rythme ou de la conduction cardiaque;1938700;3703068000;1682637000;272770000;297866000;71734000;38151000;653251000;173113000;87486000;81021000;7247000;1841210000;1668942000;179221000;59302000;2021
Maladie valvulaire;461500;1396092000;291765000;64881000;46966000;13488000;8443000;73956000;33316000;25469000;23743000;1503000;1047014000;947811000;57314000;18012000;2021
Embolie pulmonaire;50600;275293000;47471000;10082000;4359000;1372000;712000;16869000;6058000;3159000;4752000;109000;213865000;190152000;13957000;11807000;2021
Autres affections cardiovasculaires;395400;538619000;304583000;46816000;37208000;10494000;11672000;116076000;40081000;14272000;27061000;904000;163782000;110140000;70255000;21137000;2021
Traitements antihypertenseurs (hors pathologies);7225600;4847574000;3539233000;876250000;363043000;219781000;242844000;1082470000;435544000;221385000;41068000;56848000;184887000;16846000;1123454000;475074000;2021
Traitements hypolipémiants (hors pathologies);3067200;1656458000;1199822000;328825000;44312000;68272000;96899000;424606000;121448000;80568000;9837000;25056000;60330000;2054000;396306000;113374000;2021
Diabète;4145700;9829795000;8062128000;802136000;1815303000;179059000;180685000;2728019000;1882987000;292972000;147004000;33963000;763190000;455199000;1004477000;294639000;2021
Cancer du sein de la femme actif;241200;3308121000;1402166000;351076000;42277000;37277000;7361000;662792000;32707000;35638000;231207000;1832000;1666942000;1450388000;239013000;193609000;2021
Cancer du sein de la femme sous surveillance;490700;618268000;404705000;96904000;26938000;48036000;18440000;139841000;25531000;24573000;19944000;4496000;64090000;16078000;149473000;26108000;2021
Cancer colorectal actif;149500;1568136000;389122000;77536000;63099000;3681000;2894000;93747000;63557000;18983000;65051000;574000;1120365000;959674000;58649000;36899000;2021
Cancer colorectal sous surveillance;223700;245819000;162727000;29804000;35798000;7237000;5822000;24582000;40717000;9681000;7889000;1196000;39545000;14167000;43546000;6293000;2021
Cancer bronchopulmonaire actif;106900;2918793000;773872000;110321000;28344000;6643000;1551000;484200000;26959000;15694000;99824000;336000;2048417000;1837719000;96504000;49796000;2021
Cancer bronchopulmonaire sous surveillance;56400;153299000;84496000;10857000;4545000;3181000;1449000;49350000;7175000;2176000;5433000;329000;17376000;1617000;51427000;3030000;2021
Cancer de la prostate actif;227200;1976821000;1318865000;359493000;33083000;10936000;5904000;732054000;25789000;25292000;124900000;1413000;610274000;508364000;47683000;21153000;2021
Cancer de la prostate sous surveillance;320600;289759000;215252000;38603000;16636000;7781000;8791000;91675000;26796000;12979000;9826000;2165000;30836000;3429000;43671000;2526000;2021
Autres cancers actifs;923500;11103981000;3772738000;314820000;175322000;37077000;25396000;2552090000;188066000;109292000;367064000;3610000;6977194000;6039832000;354049000;197160000;2021
Autres cancers sous surveillance;1008700;1061902000;662461000;129141000;71883000;39201000;32719000;167736000;118981000;48733000;49144000;4924000;158469000;34345000;240971000;50332000;2021
Troubles psychotiques;483900;5112467000;865964000;70862000;295120000;15410000;17507000;340306000;26235000;16469000;82707000;1349000;3954600000;27913000;291903000;31828000;2021
Troubles névrotiques et de l'humeur;1400300;6726993000;1517255000;350354000;268321000;93090000;60685000;399917000;96040000;59376000;181901000;7571000;3406849000;174895000;1802889000;625287000;2021
Déficience mentale;138600;582384000;191919000;15337000;42214000;13295000;13894000;29808000;39807000;7291000;29874000;399000;381608000;1795000;8858000;2449000;2021
Troubles addictifs;680700;1854609000;371911000;76313000;35902000;15947000;24299000;139830000;29916000;20778000;27118000;1807000;1081122000;212578000;401577000;236391000;2021
Troubles psychiatriques débutant dans l'enfance;218700;1459905000;282007000;21501000;5389000;3743000;64451000;32526000;10379000;7054000;136763000;201000;1173602000;24487000;4296000;2320000;2021
Autres troubles psychiatriques;393500;1675900000;342786000;64332000;57334000;14005000;18392000;84390000;26637000;16130000;60530000;1035000;1159067000;142628000;174047000;58268000;2021
Traitements antidépresseurs ou thymorégulateurs (hors pathologies);3189100;3448138000;1478252000;494122000;82026000;140593000;102359000;393876000;120080000;111495000;19639000;14061000;274570000;0;1695315000;1157880000;2021
Traitements neuroleptiques (hors pathologies);329700;306606000;194414000;28958000;41098000;7202000;9521000;68201000;11006000;8641000;19188000;598000;27380000;0;84812000;16506000;2021
Traitements anxiolytiques (hors pathologies);3160500;2951364000;1569313000;437910000;129923000;138187000;90997000;483058000;137080000;105296000;34673000;12189000;134293000;0;1247758000;827462000;2021
Traitements hypnotiques (hors pathologies);1176800;1048036000;622235000;160879000;64013000;53772000;32043000;190959000;63269000;35448000;15980000;5871000;43575000;0;382226000;185313000;2021
Démences (dont maladie d'Alzheimer);709300;2336273000;1650920000;58632000;973338000;181552000;69875000;58354000;179624000;27355000;101408000;783000;650995000;152137000;34357000;1046000;2021
Maladie de Parkinson;272100;1137296000;894204000;43382000;268784000;151724000;32012000;162937000;151000000;8501000;73669000;2195000;177289000;52783000;65803000;8780000;2021
Sclérose en plaques;122300;1421036000;798670000;29325000;39057000;50564000;9161000;539568000;66964000;9051000;54282000;698000;404647000;296681000;217720000;27486000;2021
Lésion médullaire;96800;737649000;389726000;13233000;77357000;42616000;3452000;18403000;185278000;3842000;45087000;458000;157660000;37664000;190263000;30308000;2021
Myopathie ou myasthénie;51700;305678000;168580000;6589000;12728000;20807000;2796000;64138000;39724000;2417000;19159000;222000;91580000;53921000;45518000;5880000;2021
Épilepsie;514000;850844000;465738000;50890000;43207000;20912000;29408000;208343000;47271000;16460000;48211000;1035000;242433000;166234000;142673000;40952000;2021
Autres affections neurologiques;192300;1069505000;603017000;21421000;74628000;84472000;17373000;121525000;184881000;7698000;90103000;916000;352813000;206538000;113675000;16035000;2021
Maladies respiratoires chroniques (hors mucoviscidose);3623300;3821252000;2369634000;481379000;69193000;96055000;132512000;1137277000;268895000;132676000;40172000;11475000;929345000;597816000;522273000;261459000;2021
Maladies inflammatoires chroniques intestinales;293500;1170892000;683165000;44419000;9657000;6164000;11072000;549601000;20478000;27717000;12965000;1093000;388395000;360430000;99332000;41822000;2021
Polyarthrite rhumatoïde ou maladies apparentées;311200;1011587000;733682000;60722000;37717000;29738000;11850000;513936000;23696000;29111000;23503000;3408000;127763000;96001000;150143000;37981000;2021
Spondylarthrite ankylosante ou maladies apparentées;243700;1045696000;691126000;48849000;8022000;34122000;9425000;547044000;12195000;18069000;10807000;2593000;140872000;97753000;213698000;67008000;2021
Autres maladies inflammatoires chroniques;230900;547762000;278271000;39826000;17467000;17616000;8723000;131243000;17882000;24409000;19509000;1595000;183870000;137866000;85622000;24041000;2021
Maladies métaboliques héréditaires ou amylose;123000;842731000;571842000;13713000;7066000;4763000;5969000;500065000;20915000;7675000;11181000;495000;250324000;232365000;20566000;8000000;2021
Mucoviscidose;9200;524911000;495856000;778000;3473000;12182000;406000;460144000;13122000;515000;5223000;14000;26668000;20988000;2387000;301000;2021
Hémophilie ou troubles de l'hémostase graves;60000;735583000;657233000;7289000;6134000;1841000;2137000;626541000;5108000;4853000;3084000;246000;63244000;53908000;15107000;6786000;2021
infection par le VIH;166100;1159850000;1014814000;15080000;2949000;2637000;6493000;957801000;6622000;19413000;3392000;427000;95013000;50284000;50022000;15990000;2021
Dialyse chronique;56300;3513105000;962584000;12955000;68701000;3381000;662000;87384000;23414000;18247000;747739000;100000;2522569000;2488160000;27952000;5670000;2021
Transplantation rénale;3100;214575000;48871000;452000;1552000;26000;45000;22474000;1730000;1551000;21036000;5000;160842000;154951000;4862000;3234000;2021
Suivi de transplantation rénale;40700;540339000;271935000;7059000;5630000;1112000;1116000;197389000;8808000;11479000;39239000;102000;220181000;196951000;48223000;4491000;2021
Maladies du foie ou du pancréas (hors mucoviscidose);600900;1419020000;683819000;64331000;24378000;12042000;16439000;470225000;30421000;41308000;22945000;1730000;563764000;474527000;171437000;68452000;2021
Affections de longue durée (dont 31 et 32) pour d'autres causes;1764400;3660118000;2958697000;228662000;308705000;180744000;97738000;1345979000;439335000;84142000;263880000;9513000;272042000;131159000;429379000;105602000;2021
Hospitalisation pour Covid-19;244900;2256716000;179174000;25673000;39017000;16628000;4505000;23410000;24122000;15573000;29968000;280000;2002846000;1691216000;74696000;60446000;2021
Maternité (avec ou sans pathologies);1253000;9077054000;1403418000;293743000;37845000;29733000;454718000;138315000;128087000;310839000;7152000;2986000;3858045000;3519125000;3815591000;627318000;2021
Hospitalisations hors pathologies repérées (avec ou sans pathologies, traitements ou maternité);9588000;38839302000;6422784000;1794168000;616604000;441022000;343596000;1232971000;680284000;685218000;598974000;29947000;28485541000;22831057000;3930978000;3457812000;2021
Traitements antalgiques ou anti-inflammatoires (hors pathologies, traitements, maternité ou hospitalisations);1000400;1382839000;703862000;270030000;18359000;56639000;72949000;175634000;43785000;54822000;5860000;5783000;74835000;11111000;604142000;455744000;2021
Pas de pathologie, traitement, maternité, hospitalisation ou traitement antalgique ou anti-inflammatoire;38405600;14925434000;9817398000;2712944000;257264000;449447000;2130944000;2093746000;513255000;1481279000;80778000;97740000;1007515000;152374000;4100522000;2743594000;2021
Consommation courante de soins;;7364652000;6765074000;2424092000;178269000;629148000;929941000;946219000;33480000;1492298000;;131628000;;;599578000;599578000;2021
Total;68615753;1,8694E+11;81053946000;15278354000;8955858000;4218931000;5709269000;27552065000;7796945000;6177733000;4838678000;526113000;78506065000;53710275000;27379945000;13802085000;2021
Pathologie, traitement ou événement de santé;Effectif;Total des dépenses;Total soins de ville;Soins de médecins ;Soins infirmiers;Soins de kinésithérapie;Autres professionnels de santé;Médicaments;Autres produits de santé;Biologie;Transports;Autres dépenses de soins de ville;Total hospitalisations;dont hospitalisations MCO;Total prestations en espèces;dont indemnités journalières maladie et AT/MP;2022
Syndrome coronaire aigu;98300;1015499000;124599000;29568000;4043000;1799000;2332000;46015000;10346000;5225000;24959000;313000;827513000;705436000;63388000;52298000;2022
Maladie coronaire chronique;2116400;4117036000;2337824000;461183000;271767000;76155000;70257000;1039010000;219117000;98956000;89733000;11645000;1200449000;938846000;578763000;131511000;2022
Accident vasculaire cérébral aigu;120000;1766020000;145833000;17061000;25328000;13124000;10111000;18683000;12918000;3225000;45097000;287000;1568812000;967140000;51375000;43282000;2022
Séquelle d'accident vasculaire cérébral;846300;2606233000;1508939000;123573000;442291000;179788000;78895000;252397000;168151000;30037000;230375000;3431000;694228000;223318000;403066000;82581000;2022
Insuffisance cardiaque aiguë;175500;1341683000;406455000;20766000;162724000;11166000;827000;81318000;76733000;11140000;41660000;121000;921763000;780730000;13465000;5514000;2022
Insuffisance cardiaque chronique;651900;1694356000;1448726000;85413000;542595000;63958000;8946000;455914000;192488000;35376000;62747000;1288000;157891000;49561000;87739000;11413000;2022
Artériopathie périphérique;722700;2348759000;971768000;146370000;251521000;39775000;16188000;255150000;152782000;29304000;77809000;2870000;1178899000;943534000;198093000;46404000;2022
Troubles du rythme ou de la conduction cardiaque;1970500;3774484000;1707781000;276633000;300715000;74337000;40556000;668389000;170601000;76735000;93374000;6441000;1873523000;1692024000;193179000;66098000;2022
Maladie valvulaire;465500;1469092000;304218000;64484000;53818000;14049000;9317000;75260000;35126000;23221000;27815000;1130000;1108840000;1003249000;56034000;16130000;2022
Embolie pulmonaire;49800;275362000;47482000;10080000;5060000;1367000;725000;16827000;6017000;2392000;4933000;79000;212545000;187650000;15336000;12928000;2022
Autres affections cardiovasculaires;401900;554349000;308874000;47886000;39449000;10517000;12378000;116398000;39716000;11565000;30350000;615000;171851000;115413000;73624000;22660000;2022
Traitements antihypertenseurs (hors pathologies);7305700;5012514000;3611588000;894607000;385118000;232148000;254325000;1129240000;443982000;184965000;45935000;41269000;197883000;15206000;1203042000;511410000;2022
Traitements hypolipémiants (hors pathologies);3246400;1820123000;1310707000;370327000;48311000;77792000;107678000;468428000;129448000;75256000;12119000;21348000;71297000;1923000;438119000;128434000;2022
Diabète;4252000;10354624000;8470216000;825533000;1878479000;190415000;202573000;2903780000;1998354000;280674000;168915000;21492000;799874000;471766000;1084535000;318693000;2022
Cancer du sein de la femme actif;250400;3540155000;1422833000;332946000;39900000;38594000;7718000;714838000;29224000;35982000;221592000;2040000;1864183000;1635733000;253139000;198614000;2022
Cancer du sein de la femme sous surveillance;476200;641745000;418766000;95231000;30569000;48512000;18270000;151718000;25272000;21422000;23526000;4245000;69114000;19419000;153865000;26634000;2022
Cancer colorectal actif;153100;1572623000;377729000;76670000;61197000;3700000;3181000;87173000;61488000;18752000;65155000;413000;1134449000;971794000;60445000;37225000;2022
Cancer colorectal sous surveillance;214900;247151000;165226000;28980000;39367000;7503000;5829000;24200000;41481000;8479000;8544000;842000;38791000;13442000;43134000;5650000;2022
Cancer bronchopulmonaire actif;111600;3126574000;845818000;115311000;26532000;6482000;1729000;550868000;25417000;16678000;102503000;298000;2184293000;1962424000;96464000;47561000;2022
Cancer bronchopulmonaire sous surveillance;57700;167931000;95976000;11389000;4233000;3327000;1519000;58374000;8392000;2120000;6375000;248000;19102000;1879000;52853000;3600000;2022
Cancer de la prostate actif;244000;2248794000;1527136000;395032000;34163000;11618000;6798000;888110000;26957000;26777000;136561000;1118000;667874000;557806000;53783000;24249000;2022
Cancer de la prostate sous surveillance;311500;271969000;199078000;38504000;19904000;8125000;8976000;71633000;26744000;12072000;11311000;1809000;30261000;3631000;42631000;2512000;2022
Autres cancers actifs;952500;11771725000;3714646000;321761000;175745000;37506000;26418000;2470898000;187372000;109043000;382870000;3032000;7687625000;6714684000;369455000;200183000;2022
Autres cancers sous surveillance;995200;1078570000;670227000;129641000;79625000;40901000;33403000;166873000;120141000;42154000;53481000;4007000;160925000;33539000;247418000;50755000;2022
Troubles psychotiques;485600;5380200000;859903000;68128000;304015000;16388000;18178000;324145000;27415000;12862000;88233000;537000;4212901000;28085000;307396000;33745000;2022
Troubles névrotiques et de l'humeur;1411700;7271033000;1523396000;348024000;276607000;92616000;61844000;391833000;96887000;48048000;201263000;6274000;3840733000;171108000;1906904000;675081000;2022
Déficience mentale;140000;604287000;193335000;14998000;43782000;13906000;13886000;30894000;39539000;4262000;31955000;113000;401628000;1740000;9324000;2560000;2022
Troubles addictifs;690800;1968715000;377425000;75891000;38832000;16137000;24583000;140453000;31960000;15293000;33490000;784000;1151617000;203080000;439673000;260238000;2022
Troubles psychiatriques débutant dans l'enfance;237100;1560617000;299687000;24574000;6144000;3913000;66426000;39418000;10925000;4320000;143869000;98000;1255123000;22449000;5807000;3574000;2022
Autres troubles psychiatriques;396900;1713633000;340526000;63680000;57577000;13230000;18721000;81223000;28023000;13965000;63460000;646000;1197955000;149180000;175152000;65771000;2022
Traitements antidépresseurs ou thymorégulateurs (hors pathologies);3312000;3737303000;1510607000;513567000;80425000;145335000;108510000;414606000;124829000;90658000;21854000;10822000;317616000;0;1909081000;1319607000;2022
Traitements neuroleptiques (hors pathologies);335500;323788000;199308000;29165000;44617000;7107000;10025000;70446000;10858000;5365000;21462000;262000;30773000;0;93707000;19058000;2022
Traitements anxiolytiques (hors pathologies);3038000;2948598000;1511967000;417174000;130275000;134157000;88314000;477504000;136611000;79959000;39868000;8105000;139284000;0;1297347000;844798000;2022
Traitements hypnotiques (hors pathologies);1142100;1056952000;606899000;159126000;63900000;53450000;32139000;188546000;62490000;27687000;15340000;4220000;46503000;0;403550000;200187000;2022
Démences (dont maladie d'Alzheimer);709400;2361896000;1665702000;50073000;981793000;183600000;74759000;59666000;182458000;18161000;114736000;457000;659100000;148247000;37093000;1195000;2022
Maladie de Parkinson;275500;1173068000;909474000;43647000;267317000;152517000;33563000;162615000;157411000;7567000;82569000;2268000;193550000;56502000;70043000;9814000;2022
Sclérose en plaques;126000;1444640000;769194000;30447000;36446000;49775000;9333000;509086000;67805000;8425000;57191000;686000;447679000;331085000;227768000;27319000;2022
Lésion médullaire;97800;762015000;393024000;13294000;75764000;41703000;3540000;18311000;188754000;3067000;48182000;408000;174837000;41772000;194155000;30633000;2022
Myopathie ou myasthénie;53000;330145000;177782000;6729000;12127000;20240000;2975000;74622000;39389000;2087000;19401000;212000;104831000;64465000;47532000;5995000;2022
Épilepsie;520500;890551000;489728000;52463000;44258000;20998000;29857000;225750000;48777000;12074000;55022000;529000;246062000;164510000;154761000;43873000;2022
Autres affections neurologiques;199100;1182518000;668456000;22063000;77196000;85113000;17564000;179639000;185157000;5857000;95013000;856000;389280000;236008000;124782000;17234000;2022
Maladies respiratoires chroniques (hors mucoviscidose);3885100;4181556000;2555459000;549520000;73159000;102890000;149455000;1242391000;273688000;110405000;45664000;8285000;1045118000;674235000;580979000;302026000;2022
Maladies inflammatoires chroniques intestinales;303900;1231515000;782043000;46066000;9565000;6352000;11541000;648419000;21945000;24481000;12871000;803000;340358000;312266000;109114000;44774000;2022
Polyarthrite rhumatoïde ou maladies apparentées;320300;1054519000;763206000;63150000;38224000;30138000;12605000;536682000;24526000;27676000;26234000;3973000;128090000;94328000;163222000;41084000;2022
Spondylarthrite ankylosante ou maladies apparentées;254700;1102149000;731762000;50579000;8033000;34393000;9990000;584732000;12994000;16168000;11925000;2947000;139657000;93085000;230731000;67929000;2022
Autres maladies inflammatoires chroniques;238300;570294000;292976000;41050000;18386000;18428000;9184000;139560000;18982000;23793000;21802000;1792000;186103000;138422000;91216000;24028000;2022
Maladies métaboliques héréditaires ou amylose;123600;993668000;683533000;13933000;7396000;4809000;6094000;611538000;20981000;6503000;11898000;383000;289207000;270847000;20928000;8115000;2022
Mucoviscidose;9400;821194000;793393000;818000;2037000;9918000;424000;763470000;11151000;470000;5093000;12000;25024000;20327000;2777000;548000;2022
Hémophilie ou troubles de l'hémostase graves;62300;847894000;762875000;7532000;5704000;1952000;2278000;732511000;5018000;4364000;3274000;243000;68787000;59858000;16232000;7396000;2022
infection par le VIH;173000;1153112000;1001839000;15902000;2519000;2572000;7002000;944892000;7014000;17967000;3798000;174000;97366000;52631000;53908000;18636000;2022
Dialyse chronique;56600;3583727000;981435000;13043000;71527000;3597000;626000;84350000;25444000;19256000;763499000;93000;2573699000;2540467000;28593000;6160000;2022
Transplantation rénale;3200;227886000;52775000;453000;1361000;36000;60000;23996000;1731000;1720000;23411000;8000;168559000;162829000;6552000;3119000;2022
Suivi de transplantation rénale;40800;555566000;271921000;6970000;6356000;1113000;1108000;194424000;10161000;11818000;39865000;105000;233160000;210578000;50485000;4424000;2022
Maladies du foie ou du pancréas (hors mucoviscidose);591700;1400454000;654155000;63261000;23023000;11504000;16060000;446581000;31157000;36856000;24602000;1110000;571518000;486261000;174782000;70994000;2022
Affections de longue durée (dont 31 et 32) pour d'autres causes;1718800;3791905000;3091529000;229709000;319816000;177541000;98380000;1464714000;438144000;68142000;285972000;9112000;283165000;138704000;417211000;112016000;2022
Hospitalisation pour Covid-19;220200;1369841000;150799000;19435000;40662000;12045000;2360000;22618000;23989000;4750000;24810000;130000;1190086000;954347000;28956000;20003000;2022
Maternité (avec ou sans pathologies);1203400;9149649000;1340122000;268095000;35664000;28245000;474853000;122092000;124215000;276914000;8082000;1962000;3918766000;3591481000;3890762000;662742000;2022
Hospitalisations hors pathologies repérées (avec ou sans pathologies, traitements ou maternité);9843900;40806137000;6679271000;1877758000;642838000;467077000;355409000;1324535000;743596000;561418000;683132000;23506000;29890327000;23793748000;4236540000;3708202000;2022
Traitements antalgiques ou anti-inflammatoires (hors pathologies, traitements, maternité ou hospitalisations);1263100;1636431000;847989000;338775000;20265000;62854000;93451000;215546000;51178000;53636000;7624000;4659000;90911000;13223000;697531000;528741000;2022
Pas de pathologie, traitement, maternité, hospitalisation ou traitement antalgique ou anti-inflammatoire;37972100;14583322000;9118958000;2802227000;228440000;452061000;2147527000;1974792000;526082000;846693000;88074000;53063000;1019568000;157263000;4444795000;3022773000;2022
Consommation courante de soins;;7176086000;6614390000;2516137000;127868000;629415000;980949000;1087150000;32605000;1111264000;;129004000;;;561695000;561695000;2022
Total;68823398;1,93764E+11;82809285000;15776407000;9146368000;4299780000;5922525000;29265244000;8052155000;4745503000;5192280000;409023000;81910921000;55393281000;29044027000;14822429000;2022
Pathologie, traitement ou événement de santé;Effectif;Total des dépenses;Total soins de ville;Soins de médecins ;Soins infirmiers;Soins de kinésithérapie;Autres professionnels de santé;Médicaments;Autres produits de santé;Biologie;Transports;Autres dépenses de soins de ville;Total hospitalisations;dont hospitalisations MCO;Total prestations en espèces;dont indemnités journalières maladie et AT/MP;2023
Syndrome coronaire aigu;98100;1060126000;129023000;30276000;4242000;1901000;2281000;46516000;10780000;4358000;28365000;304000;864296000;734305000;66808000;55514000;2023
Maladie coronaire chronique;2163800;4451210000;2550034000;492879000;289940000;86264000;74422000;1174806000;231146000;87649000;100428000;12501000;1299758000;1017102000;601417000;132586000;2023
Accident vasculaire cérébral aigu;120700;1879353000;153691000;18167000;27730000;13277000;10822000;19114000;12768000;2709000;48860000;244000;1669964000;1039991000;55697000;47463000;2023
Séquelle d'accident vasculaire cérébral;844300;2736632000;1576190000;130825000;462393000;189140000;82271000;259923000;172294000;25455000;250502000;3388000;740167000;248690000;420275000;87416000;2023
Insuffisance cardiaque aiguë;175700;1409219000;414423000;22734000;155761000;11133000;1098000;95331000;71199000;10635000;46308000;225000;981486000;829234000;13310000;6343000;2023
Insuffisance cardiaque chronique;655200;1861344000;1590485000;89844000;562298000;68111000;9539000;554126000;197707000;33403000;73857000;1600000;177328000;54737000;93530000;13671000;2023
Artériopathie périphérique;726800;2518671000;1024489000;153151000;266270000;43147000;17003000;273089000;160240000;26359000;82545000;2685000;1290369000;1029955000;203813000;46602000;2023
Troubles du rythme ou de la conduction cardiaque;2011600;3959394000;1728281000;283981000;311174000;80909000;42629000;664986000;176397000;58805000;102873000;6527000;2034318000;1842101000;196795000;64356000;2023
Maladie valvulaire;478100;1589715000;303502000;67789000;53010000;15403000;9922000;72461000;34469000;19898000;29524000;1026000;1226620000;1114156000;59593000;17644000;2023
Embolie pulmonaire;47800;278436000;45919000;9732000;4081000;1405000;681000;15233000;6147000;2046000;6527000;66000;216769000;194104000;15748000;13654000;2023
Autres affections cardiovasculaires;408900;584215000;318811000;49667000;38227000;10929000;13596000;121361000;42229000;8531000;33613000;657000;191564000;127816000;73839000;22720000;2023
Traitements antihypertenseurs (hors pathologies);7485000;5156179000;3677299000;943936000;398089000;257746000;259447000;1113227000;470243000;139341000;56098000;39172000;216205000;17268000;1262675000;535030000;2023
Traitements hypolipémiants (hors pathologies);3483800;1955363000;1393300000;421675000;37540000;92502000;116089000;482961000;143507000;61601000;14321000;23103000;82638000;2896000;479425000;138914000;2023
Diabète;4352300;10897725000;8874538000;885044000;1975412000;213525000;224348000;3002848000;2094594000;266857000;190090000;21820000;880631000;526095000;1142556000;338778000;2023
Cancer du sein de la femme actif;256400;4016530000;1491180000;337036000;40929000;41100000;7938000;777041000;28524000;35718000;220674000;2220000;2257841000;2013958000;267510000;205764000;2023
Cancer du sein de la femme sous surveillance;470600;665759000;432123000;97961000;29881000;51998000;17867000;157765000;26515000;17863000;27731000;4542000;76206000;22750000;157430000;27278000;2023
Cancer colorectal actif;153900;1679600000;382362000;79786000;57956000;4010000;3161000;91298000;57033000;17969000;70790000;359000;1233282000;1055440000;63956000;39912000;2023
Cancer colorectal sous surveillance;210400;252265000;167704000;30520000;39358000;8116000;5820000;23663000;42367000;7184000;9847000;828000;41033000;14473000;43528000;5855000;2023
Cancer bronchopulmonaire actif;117900;3335417000;921272000;134926000;27673000;7544000;2096000;590459000;27433000;17759000;113086000;297000;2308626000;2068314000;105518000;51821000;2023
Cancer bronchopulmonaire sous surveillance;59100;186033000;110245000;12416000;5479000;3760000;1537000;68698000;8262000;2002000;7848000;244000;21360000;2102000;54428000;3053000;2023
Cancer de la prostate actif;257300;2459370000;1640380000;415416000;35039000;12997000;7319000;968535000;28587000;25664000;145774000;1047000;760621000;641769000;58369000;25969000;2023
Cancer de la prostate sous surveillance;309100;264415000;189096000;39552000;21012000;9071000;9239000;59034000;26336000;10617000;12382000;1852000;32097000;3729000;43222000;2413000;2023
Autres cancers actifs;980300;13176367000;3891680000;340191000;177498000;39875000;27650000;2588752000;200313000;106752000;407566000;3084000;8904228000;7839982000;380459000;205152000;2023
Autres cancers sous surveillance;990800;1112063000;684888000;134870000;82586000;44775000;33687000;164233000;124707000;35683000;60339000;4008000;176377000;38595000;250797000;52502000;2023
Troubles psychotiques;486300;5583950000;863886000;69923000;317171000;17588000;19234000;303015000;30093000;11116000;95336000;411000;4405938000;33830000;314126000;36326000;2023
Troubles névrotiques et de l'humeur;1438600;7722286000;1595007000;365263000;293873000;97460000;66018000;390718000;102665000;39548000;233169000;6293000;4125379000;193607000;2001900000;729231000;2023
Déficience mentale;141400;619261000;199858000;15686000;45643000;15014000;14539000;30513000;40990000;2027000;35349000;97000;409529000;1984000;9874000;2458000;2023
Troubles addictifs;745000;2141541000;416089000;85439000;40317000;18777000;27753000;149177000;37832000;12753000;43445000;596000;1227205000;230347000;498247000;298699000;2023
Troubles psychiatriques débutant dans l'enfance;255000;1666837000;323057000;28120000;6400000;4317000;72381000;42295000;12105000;1852000;155536000;51000;1336047000;24175000;7733000;4745000;2023
Autres troubles psychiatriques;401100;1780223000;352833000;65819000;61752000;13957000;19445000;80755000;27886000;12410000;70197000;613000;1255786000;170283000;171605000;69477000;2023
Traitements antidépresseurs ou thymorégulateurs (hors pathologies);3415800;3874966000;1478499000;535437000;59990000;157071000;114119000;376719000;133399000;64952000;26517000;10295000;345490000;0;2050978000;1412488000;2023
Traitements neuroleptiques (hors pathologies);342300;332443000;205257000;30522000;46801000;7187000;11227000;71605000;10578000;3578000;23568000;192000;33009000;0;94177000;20408000;2023
Traitements anxiolytiques (hors pathologies);3016600;2997383000;1461369000;422774000;113922000;140877000;90553000;441389000;138981000;59066000;46672000;7137000;143075000;0;1392938000;928261000;2023
Traitements hypnotiques (hors pathologies);1100200;1014487000;567950000;155838000;52544000;53613000;31107000;172399000;60716000;19900000;17893000;3940000;45967000;0;400570000;195684000;2023
Démences (dont maladie d'Alzheimer);708800;2437075000;1711592000;55212000;990966000;193613000;84297000;63113000;180343000;9637000;134094000;318000;686461000;160618000;39022000;1329000;2023
Maladie de Parkinson;277600;1256503000;970928000;46191000;283523000;160542000;36748000;166194000;174635000;5910000;94764000;2422000;210698000;57921000;74876000;10201000;2023
Sclérose en plaques;129400;1480776000;751097000;32121000;35152000;51423000;9869000;484995000;68092000;7397000;61300000;748000;496259000;369196000;233420000;27652000;2023
Lésion médullaire;98700;789109000;401233000;13926000;77771000;42765000;3790000;17723000;190780000;2269000;51807000;401000;187094000;46639000;200783000;33461000;2023
Myopathie ou myasthénie;54400;368551000;185702000;7133000;13118000;21038000;3051000;76920000;41293000;1697000;21254000;198000;133350000;92415000;49499000;6468000;2023
Épilepsie;527900;940035000;513451000;55133000;43833000;22754000;32185000;235657000;51900000;8438000;63139000;411000;260497000;175026000;166087000;49136000;2023
Autres affections neurologiques;205300;1321280000;751192000;23751000;80881000;88998000;18835000;238640000;192404000;4037000;102758000;889000;437889000;272475000;132199000;18679000;2023
Maladies respiratoires chroniques (hors mucoviscidose);3992700;4361115000;2573599000;566551000;48796000;110503000;161204000;1267711000;289636000;68219000;53039000;7938000;1186335000;772483000;601180000;308151000;2023
Maladies inflammatoires chroniques intestinales;315500;1325080000;859239000;49641000;8360000;7156000;12198000;722660000;22892000;20822000;14637000;873000;347655000;317615000;118186000;49235000;2023
Polyarthrite rhumatoïde ou maladies apparentées;334200;1118142000;803442000;67841000;39360000;33544000;13126000;563994000;26505000;25835000;28717000;4520000;140855000;104879000;173845000;43149000;2023
Spondylarthrite ankylosante ou maladies apparentées;270200;1192983000;790059000;55047000;6722000;37311000;10734000;633876000;13945000;14457000;14607000;3360000;152241000;102941000;250683000;70499000;2023
Autres maladies inflammatoires chroniques;249000;627930000;316954000;43923000;19013000;20411000;9863000;154388000;19911000;22675000;24772000;1998000;209531000;157179000;101444000;26786000;2023
Maladies métaboliques héréditaires ou amylose;126300;1139573000;778304000;14519000;7732000;5218000;6412000;703147000;21216000;5630000;14013000;417000;339572000;320325000;21697000;8699000;2023
Mucoviscidose;9700;922196000;893794000;849000;1674000;8685000;472000;865939000;10851000;291000;5020000;12000;25775000;21060000;2627000;529000;2023
Hémophilie ou troubles de l'hémostase graves;64800;930058000;834154000;7911000;5230000;2085000;2447000;803032000;5272000;3900000;4020000;257000;78294000;68405000;17610000;7912000;2023
infection par le VIH;169800;1148736000;992573000;15302000;2616000;2665000;6754000;936661000;6915000;17493000;4005000;161000;104702000;59759000;51461000;18991000;2023
Dialyse chronique;56600;3721968000;989714000;13831000;65154000;3854000;787000;83301000;24541000;19591000;778593000;62000;2700166000;2664264000;32088000;5912000;2023
Transplantation rénale;3400;259292000;58649000;594000;1995000;87000;65000;26446000;2109000;1732000;25546000;75000;193456000;187203000;7186000;3975000;2023
Suivi de transplantation rénale;41400;587818000;281154000;7560000;6583000;1289000;1245000;199005000;11145000;10846000;42785000;695000;254069000;230047000;52595000;4523000;2023
Maladies du foie ou du pancréas (hors mucoviscidose);597100;1481061000;682964000;66497000;23400000;12227000;16551000;463852000;33448000;34755000;31178000;1056000;618679000;527490000;179418000;75531000;2023
Affections de longue durée (dont 31 et 32) pour d'autres causes;1712900;4019156000;3293194000;235901000;320373000;182769000;104027000;1633081000;444232000;54922000;308880000;9009000;305450000;154734000;420513000;117368000;2023
Hospitalisation pour Covid-19;114800;624267000;92408000;10195000;27049000;5673000;1128000;13885000;13281000;1909000;19211000;77000;520730000;405434000;11129000;7211000;2023
Maternité (avec ou sans pathologies);1125900;9065661000;1272833000;244352000;29277000;27477000;491935000;102711000;118156000;247176000;9906000;1843000;3933569000;3607020000;3859259000;664441000;2023
Hospitalisations hors pathologies repérées (avec ou sans pathologies, traitements ou maternité);10294700;44460644000;6787229000;1998168000;625813000;505752000;389409000;1312846000;821180000;374428000;736987000;22645000;33072330000;26448621000;4601084000;4006172000;2023
Traitements antalgiques ou anti-inflammatoires (hors pathologies, traitements, maternité ou hospitalisations);1103600;1509351000;739526000;303704000;13617000;61308000;86672000;183165000;49810000;28731000;8686000;3835000;85085000;12453000;684739000;520868000;2023
Pas de pathologie, traitement, maternité, hospitalisation ou traitement antalgique ou anti-inflammatoire;36197300;13708359000;8119852000;2804829000;94454000;475815000;2227232000;1367677000;555870000;450540000;104804000;38631000;1051346000;157186000;4537161000;3083197000;2023
Consommation courante de soins;;6213471000;5648860000;2556566000;88447000;685529000;1014337000;605959000;27113000;619878000;;51031000;;;564611000;564611000;2023
Total;67365342;2,02229E+11;83248417000;16294442000;9102900000;4604988000;6192214000;29370622000;8406520000;3315276000;5646149000;315307000;88743293000;60627173000;30237255000;15572873000;2023
Pathologie, traitement ou événement de santé;Effectif;Total des dépenses;Total soins de ville;Soins de médecins ;Soins infirmiers;Soins de kinésithérapie;Autres professionnels de santé;Médicaments;Autres produits de santé;Biologie;Transports;Autres dépenses de soins de ville;Total hospitalisations;dont hospitalisations MCO;Total prestations en espèces;dont indemnités journalières maladie et AT/MP;2024
Syndrome coronaire aigu;97800;1067325000;126917000;30905000;4625000;1944000;2155000;43700000;11782000;3802000;27515000;489000;871423000;753691000;68985000;57156000;2024
Maladie coronaire chronique;2227200;4736965000;2741610000;518763000;303385000;92598000;73643000;1302902000;245384000;81634000;105695000;17605000;1359185000;1076576000;636170000;142306000;2024
Accident vasculaire cérébral aigu;121300;1939632000;156098000;18951000;27779000;13603000;10713000;17999000;13671000;2365000;50653000;362000;1723672000;1126689000;59861000;50978000;2024
Séquelle d'accident vasculaire cérébral;860500;2854309000;1654397000;137782000;491622000;194977000;84316000;265318000;183006000;23335000;269967000;4073000;748149000;264002000;451763000;95529000;2024
Insuffisance cardiaque aiguë;180100;1533145000;470959000;23922000;179823000;13123000;899000;112807000;80038000;9475000;48590000;2281000;1048779000;897735000;13407000;5950000;2024
Insuffisance cardiaque chronique;673600;2054335000;1761354000;93812000;591872000;69665000;9710000;673036000;203211000;30263000;82628000;7156000;191350000;62265000;101631000;16089000;2024
Artériopathie périphérique;735500;2609944000;1053813000;158127000;273165000;45387000;16608000;278813000;168301000;23947000;86008000;3458000;1343891000;1076904000;212240000;49273000;2024
Troubles du rythme ou de la conduction cardiaque;2063800;4115895000;1776704000;298550000;333886000;86483000;42955000;644412000;186363000;52977000;111011000;20067000;2124876000;1925610000;214315000;72630000;2024
Maladie valvulaire;494400;1667842000;323503000;69670000;60815000;16718000;9987000;75863000;38430000;17137000;32804000;2079000;1280536000;1168028000;63802000;20636000;2024
Embolie pulmonaire;48500;296709000;46231000;10423000;4511000;1375000;632000;14029000;6590000;1964000;6608000;99000;234604000;212290000;15875000;13377000;2024
Autres affections cardiovasculaires;416500;623959000;334439000;51324000;37409000;11951000;14274000;136186000;39979000;7676000;34470000;1169000;209814000;143865000;79705000;23437000;2024
Traitements antihypertenseurs (hors pathologies);7591600;5296125000;3710806000;973538000;414803000;275375000;236526000;1088542000;496631000;129609000;55529000;40252000;234579000;20167000;1350739000;584488000;2024
Traitements hypolipémiants (hors pathologies);3752600;2151354000;1512613000;474642000;41327000;108470000;114815000;509681000;161712000;60459000;15228000;26280000;98773000;6249000;539968000;161286000;2024
Diabète;4471900;11502299000;9313796000;936485000;2085576000;234352000;234842000;3074820000;2263564000;244499000;209713000;29945000;952559000;587260000;1235944000;376925000;2024
Cancer du sein de la femme actif;264300;4328897000;1557997000;374312000;44354000;46192000;7618000;784980000;30448000;36540000;229236000;4318000;2467075000;2203409000;303825000;232828000;2024
Cancer du sein de la femme sous surveillance;464700;687989000;438192000;98930000;34446000;54818000;16796000;154202000;27048000;16323000;30638000;4991000;83273000;23079000;166524000;28140000;2024
Cancer colorectal actif;155900;1769840000;382044000;85163000;57012000;4237000;2960000;85249000;56645000;16553000;73411000;815000;1322913000;1136130000;64883000;38782000;2024
Cancer colorectal sous surveillance;206500;252401000;164720000;30953000;40116000;8712000;5227000;20482000;41433000;6351000;10527000;920000;42021000;14019000;45660000;6210000;2024
Cancer bronchopulmonaire actif;123900;3483898000;963189000;147253000;27652000;8194000;2154000;619384000;25286000;17893000;114681000;691000;2410276000;2150670000;110433000;50313000;2024
Cancer bronchopulmonaire sous surveillance;61200;196688000;117397000;13647000;5363000;4419000;1551000;71946000;8798000;1976000;9361000;335000;23218000;2145000;56073000;3452000;2024
Cancer de la prostate actif;275300;2774736000;1858074000;464520000;36150000;13753000;7005000;1125425000;30554000;24976000;154147000;1544000;852134000;724320000;64528000;28494000;2024
Cancer de la prostate sous surveillance;307700;262976000;184582000;40441000;20395000;9919000;8475000;55184000;26045000;9672000;12400000;2053000;34526000;4069000;43868000;2563000;2024
Autres cancers actifs;1015500;14437648000;4044008000;364283000;182010000;42646000;27124000;2670278000;221908000;104711000;426474000;4574000;9979929000;8825558000;413712000;222285000;2024
Autres cancers sous surveillance;988300;1149017000;700719000;139530000;87473000;47025000;31604000;168314000;124463000;33022000;64775000;4514000;188490000;42221000;259809000;55223000;2024
Troubles psychotiques;489100;5683938000;869158000;70940000;340544000;18319000;18943000;276811000;31780000;10567000;100850000;404000;4490601000;39646000;324179000;37056000;2024
Troubles névrotiques et de l'humeur;1473100;8195141000;1680269000;385832000;320065000;101809000;67782000;401096000;109060000;38519000;249412000;6695000;4348497000;220799000;2166374000;821516000;2024
Déficience mentale;143800;620491000;209590000;16340000;49199000;16062000;15177000;31861000;42074000;1867000;36908000;104000;400461000;2015000;10440000;2847000;2024
Troubles addictifs;792600;2267432000;457188000;93452000;46883000;21962000;28059000;161828000;44050000;12782000;47443000;728000;1248445000;254852000;561799000;336070000;2024
Troubles psychiatriques débutant dans l'enfance;278600;1717366000;351664000;33355000;7514000;5065000;79181000;50226000;13501000;2002000;160379000;441000;1354984000;27518000;10718000;6783000;2024
Autres troubles psychiatriques;409600;1832201000;367981000;71361000;64088000;14466000;20992000;81670000;30031000;12522000;72132000;718000;1296348000;191564000;167872000;72634000;2024
Traitements antidépresseurs ou thymorégulateurs (hors pathologies);3562600;4268673000;1552438000;571824000;64974000;170017000;115900000;382518000;145434000;64326000;26316000;11129000;385762000;0;2330473000;1625170000;2024
Traitements neuroleptiques (hors pathologies);352100;356817000;219009000;32428000;52628000;7345000;12514000;73392000;11485000;3392000;25592000;233000;36409000;0;101399000;23699000;2024
Traitements anxiolytiques (hors pathologies);3017700;3134828000;1475067000;435493000;123083000;146800000;86547000;430086000;142813000;55639000;47202000;7403000;151313000;0;1508447000;1026634000;2024
Traitements hypnotiques (hors pathologies);1075000;1024371000;563479000;157947000;54225000;53117000;29050000;170408000;60942000;18284000;15496000;4009000;47027000;0;413865000;206315000;2024
Démences (dont maladie d'Alzheimer);721800;2508599000;1766762000;54502000;1024335000;193627000;91332000;65597000;185481000;8033000;143508000;346000;701206000;176057000;40631000;1301000;2024
Maladie de Parkinson;281200;1331253000;1028375000;47748000;297855000;167961000;39185000;171947000;192216000;5391000;103452000;2619000;221721000;62175000;81158000;10777000;2024
Sclérose en plaques;132900;1532722000;763379000;33708000;36017000;52772000;9965000;489662000;69709000;6920000;63806000;819000;522121000;391420000;247223000;29341000;2024
Lésion médullaire;100100;810280000;414387000;14454000;81508000;44197000;3752000;18729000;193308000;2139000;55847000;451000;187053000;49771000;208841000;35838000;2024
Myopathie ou myasthénie;56200;426809000;192987000;7514000;13939000;22288000;3173000;78250000;42563000;1607000;23368000;286000;181659000;139214000;52163000;6267000;2024
Épilepsie;539300;1004714000;549041000;58265000;50807000;24349000;33475000;247026000;60127000;7956000;66513000;523000;278231000;192873000;177443000;52963000;2024
Autres affections neurologiques;212400;1484051000;878202000;25305000;85934000;93663000;19453000;342481000;196979000;3858000;109537000;993000;463834000;288839000;142015000;19707000;2024
Maladies respiratoires chroniques (hors mucoviscidose);4227800;4749479000;2764728000;621653000;49377000;119840000;175476000;1360346000;302616000;70299000;55540000;9580000;1332185000;893423000;652566000;338062000;2024
Maladies inflammatoires chroniques intestinales;329300;1423708000;943013000;53581000;8266000;7705000;12081000;799188000;23505000;22450000;15317000;921000;351161000;317512000;129534000;52970000;2024
Polyarthrite rhumatoïde ou maladies apparentées;348400;1174687000;841294000;71600000;42710000;36534000;13649000;589202000;28005000;24248000;30246000;5099000;144797000;106063000;188596000;47267000;2024
Spondylarthrite ankylosante ou maladies apparentées;286700;1290857000;858181000;60382000;6966000;39941000;11168000;691684000;15411000;14055000;14871000;3703000;158676000;108146000;274000000;76409000;2024
Autres maladies inflammatoires chroniques;261300;692246000;349294000;47551000;21534000;22179000;9868000;175144000;21893000;22333000;26394000;2397000;231895000;177004000;111058000;29577000;2024
Maladies métaboliques héréditaires ou amylose;129600;1298370000;927808000;15398000;7879000;5665000;6524000;849367000;22534000;5381000;14598000;462000;347822000;327096000;22740000;8780000;2024
Mucoviscidose;9800;948460000;918912000;900000;1443000;7709000;533000;893374000;9910000;273000;4756000;15000;26764000;22154000;2783000;613000;2024
Hémophilie ou troubles de l'hémostase graves;67900;909354000;796955000;8549000;5385000;2219000;2564000;764666000;5671000;3682000;3978000;241000;93850000;84524000;18549000;8095000;2024
infection par le VIH;175200;1145150000;986411000;16393000;3080000;2826000;6350000;929744000;7010000;17065000;3748000;194000;106221000;60482000;52518000;20906000;2024
Dialyse chronique;57000;3883264000;1026195000;14366000;69576000;3637000;698000;80057000;27405000;18663000;811640000;153000;2824843000;2785852000;32226000;7137000;2024
Transplantation rénale;3500;288404000;62075000;659000;2530000;75000;75000;27951000;1807000;1689000;27136000;154000;218519000;212087000;7809000;3735000;2024
Suivi de transplantation rénale;42300;616354000;293020000;7973000;8141000;1562000;1313000;203261000;10950000;10464000;46436000;2920000;267319000;242805000;56014000;4773000;2024
Maladies du foie ou du pancréas (hors mucoviscidose);614600;1545008000;700904000;70403000;24368000;13384000;15904000;473792000;35760000;33712000;32351000;1231000;658835000;561462000;185269000;77558000;2024
Affections de longue durée (dont 31 et 32) pour d'autres causes;1722000;4231891000;3468614000;245475000;330293000;187551000;107317000;1763631000;449955000;51447000;322690000;10256000;320367000;160479000;442910000;128026000;2024
Hospitalisation pour Covid-19;78600;436470000;65120000;7409000;20154000;3488000;696000;11411000;8148000;969000;12790000;56000;365279000;283980000;6071000;3786000;2024
Maternité (avec ou sans pathologies);1088100;9350675000;1318911000;235709000;28847000;28892000;545986000;117313000;116499000;232559000;9611000;3494000;4068328000;3735438000;3963436000;693033000;2024
Hospitalisations hors pathologies repérées (avec ou sans pathologies, traitements ou maternité);10593600;47123487000;7046304000;2117042000;639771000;538723000;392261000;1383015000;881960000;336878000;731119000;25536000;35181372000;28398216000;4895811000;4262961000;2024
Traitements antalgiques ou anti-inflammatoires (hors pathologies, traitements, maternité ou hospitalisations);1047500;1494094000;713878000;301657000;13064000;61991000;78934000;172051000;48345000;26118000;7990000;3728000;86970000;12644000;693245000;530146000;2024
Pas de pathologie, traitement, maternité, hospitalisation ou traitement antalgique ou anti-inflammatoire;35865800;13998745000;8181425000;2881175000;94812000;498035000;2184317000;1372165000;578923000;430100000;100146000;41752000;1091385000;162011000;4725935000;3219362000;2024
Consommation courante de soins;;5985099000;5400836000;2594125000;77702000;696274000;943772000;526941000;26773000;497178000;;38072000;;;584262000;584262000;2024
Total;;2,12579E+11;86397019000;17038396000;9555065000;4837985000;6146553000;30651445000;8885923000;3032526000;5881188000;367937000;94018303000;65135075000;32164093000;16750726000;2024
